filename,width,height,class,xmin,ymin,xmax,ymax
v05_029275.jpg,846,476,Hook,582,238,841,470
v10_032825.jpg,578,324,Clipper,325,117,457,204
v09_035425.jpg,810,454,Hook,586,156,782,257
v06_072900.jpg,584,328,Irrigator,270,141,389,209
v06_072900.jpg,584,328,Grasper,222,133,342,196
v10_023900.jpg,578,324,Clipper,277,98,393,171
v10_019450.jpg,578,324,Clipper,332,65,482,169
v08_016125.jpg,706,396,Bipolar,349,38,440,158
v08_016125.jpg,706,396,Grasper,132,7,381,101
v07_018800.jpg,586,328,Clipper,300,124,461,292
v07_018800.jpg,586,328,Grasper,147,39,248,141
v06_035450.jpg,584,328,Grasper,164,2,296,74
v06_035450.jpg,584,328,Grasper,320,255,458,326
v09_011550.jpg,810,454,Hook,368,5,490,132
v10_064450.jpg,578,324,Irrigator,358,50,473,140
v08_017575.jpg,706,396,Irrigator,296,159,506,254
v03_054450.jpg,716,402,Grasper,52,141,187,254
v03_054450.jpg,716,402,Scissors,285,247,553,405
v07_033475.jpg,586,328,Bipolar,202,219,476,308
v03_050150.jpg,716,402,Clipper,407,82,664,222
v08_007000.jpg,706,396,Bipolar,418,138,566,220
v05_045350.jpg,846,476,Hook,553,147,809,302
v06_047575.jpg,584,328,Bipolar,311,164,447,263
v06_047575.jpg,584,328,Grasper,217,9,388,106
v02_024050.jpg,774,434,Clipper,530,85,733,196
v05_032325.jpg,846,476,Scissors,256,184,559,454
v08_017950.jpg,706,396,Irrigator,438,106,580,200
v03_051925.jpg,716,402,Grasper,95,21,291,156
v03_051925.jpg,716,402,Scissors,336,200,526,308
v08_006875.jpg,706,396,Bipolar,395,175,541,255
v04_020375.jpg,612,344,Bipolar,338,55,531,220
v10_061925.jpg,578,324,SpecimenBag,147,90,428,302
v10_061925.jpg,578,324,Grasper,254,64,428,131
v06_042425.jpg,584,328,Irrigator,347,50,446,147
v06_077475.jpg,584,328,SpecimenBag,112,189,185,290
v06_077475.jpg,584,328,Grasper,133,29,316,149
v09_047500.jpg,810,454,SpecimenBag,58,179,320,413
v04_015325.jpg,612,344,Grasper,313,5,444,82
v04_015325.jpg,612,344,Scissors,389,120,530,210
v07_029175.jpg,586,328,SpecimenBag,267,8,418,72
v07_029175.jpg,586,328,Grasper,208,49,318,121
v07_029175.jpg,586,328,Grasper,299,63,392,130
v08_018450.jpg,706,396,Irrigator,308,106,492,222
v06_066550.jpg,584,328,SpecimenBag,213,60,418,263
v06_066550.jpg,584,328,Grasper,175,117,281,174
v06_066550.jpg,584,328,Grasper,318,96,402,168
v03_049950.jpg,716,402,Clipper,337,52,655,232
v06_071825.jpg,584,328,Bipolar,283,170,455,285
v06_071825.jpg,584,328,Grasper,142,50,350,155
v04_029225.jpg,612,344,SpecimenBag,135,92,395,259
v09_013025.jpg,810,454,Clipper,171,172,298,297
v05_057350.jpg,846,476,SpecimenBag,94,15,492,171
v02_008425.jpg,774,434,Grasper,420,147,546,207
v03_046875.jpg,716,402,Clipper,430,209,614,327
v03_046875.jpg,716,402,Grasper,331,6,473,95
v04_026300.jpg,612,344,Bipolar,230,147,318,243
v04_026300.jpg,612,344,Grasper,375,13,519,115
v02_027175.jpg,774,434,Scissors,261,230,406,416
v08_000800.jpg,706,396,Grasper,250,178,390,236
v08_000800.jpg,706,396,Grasper,348,188,449,263
v10_025550.jpg,578,324,Clipper,242,142,375,225
v07_033500.jpg,586,328,Bipolar,116,178,470,314
v05_055750.jpg,846,476,SpecimenBag,64,257,569,455
v05_055750.jpg,846,476,Grasper,326,16,780,330
v08_039925.jpg,706,396,Grasper,362,178,455,302
v03_054525.jpg,716,402,Scissors,317,230,573,403
v08_007175.jpg,706,396,Grasper,96,10,373,94
v08_013100.jpg,706,396,Clipper,270,48,416,189
v06_056900.jpg,584,328,Irrigator,309,91,413,161
v06_056900.jpg,584,328,Grasper,206,51,341,120
v03_108500.jpg,716,402,SpecimenBag,353,91,593,332
v03_108500.jpg,716,402,Grasper,323,231,448,311
v03_055175.jpg,716,402,Grasper,46,141,184,216
v03_055175.jpg,716,402,Grasper,237,11,402,103
v03_055175.jpg,716,402,Scissors,346,153,555,287
v08_006525.jpg,706,396,Bipolar,399,158,546,250
v03_007800.jpg,716,402,Hook,264,139,375,226
v08_037075.jpg,706,396,SpecimenBag,142,60,536,316
v08_037075.jpg,706,396,Grasper,366,182,548,270
v08_037075.jpg,706,396,Grasper,261,26,394,98
v03_107800.jpg,716,402,SpecimenBag,381,113,608,351
v03_107800.jpg,716,402,Grasper,302,286,496,393
v03_113875.jpg,716,402,SpecimenBag,390,154,573,320
v03_113875.jpg,716,402,Grasper,307,69,489,143
v06_014500.jpg,584,328,Grasper,108,98,370,195
v06_066800.jpg,584,328,SpecimenBag,193,62,383,247
v06_066800.jpg,584,328,Grasper,159,150,278,212
v06_066800.jpg,584,328,Grasper,263,133,351,194
v06_058050.jpg,584,328,Irrigator,321,120,456,199
v06_058050.jpg,584,328,Grasper,131,90,294,161
v08_018900.jpg,706,396,Irrigator,339,86,541,206
v07_028875.jpg,586,328,SpecimenBag,256,3,421,110
v07_028875.jpg,586,328,Grasper,274,12,350,64
v04_004375.jpg,612,344,Bipolar,292,223,375,305
v04_004375.jpg,612,344,Grasper,325,15,450,67
v10_032575.jpg,578,324,Clipper,289,168,473,298
v07_028450.jpg,586,328,SpecimenBag,248,22,403,186
v07_028450.jpg,586,328,Grasper,254,52,346,105
v08_018525.jpg,706,396,Irrigator,349,113,530,233
v01_028275.jpg,596,334,Grasper,100,42,274,131
v01_028275.jpg,596,334,Grasper,280,8,405,81
v01_028275.jpg,596,334,Scissors,240,197,376,281
v08_033950.jpg,706,396,Bipolar,331,121,469,236
v08_033950.jpg,706,396,Grasper,152,85,324,184
v10_023450.jpg,578,324,Irrigator,275,120,436,206
v10_033125.jpg,578,324,Clipper,349,122,500,223
v04_020200.jpg,612,344,Bipolar,252,23,439,199
v10_061850.jpg,578,324,SpecimenBag,128,79,420,312
v10_061850.jpg,578,324,Grasper,349,45,457,145
v10_016400.jpg,578,324,Irrigator,269,142,426,288
v06_042550.jpg,584,328,Irrigator,342,96,461,184
v06_056525.jpg,584,328,Irrigator,307,72,398,169
v06_056525.jpg,584,328,Grasper,106,171,258,261
v03_045825.jpg,716,402,Clipper,367,116,610,279
v03_045825.jpg,716,402,Grasper,126,18,281,161
v08_039500.jpg,706,396,Irrigator,509,252,598,317
v10_064900.jpg,578,324,SpecimenBag,193,140,444,307
v06_047400.jpg,584,328,Bipolar,395,142,497,193
v04_025350.jpg,612,344,Bipolar,193,139,286,226
v04_025350.jpg,612,344,Grasper,343,20,571,160
v06_043100.jpg,584,328,Bipolar,322,44,454,154
v02_026875.jpg,774,434,Scissors,191,284,303,429
v06_022475.jpg,584,328,Bipolar,319,165,476,255
v06_055825.jpg,584,328,Irrigator,278,15,398,152
v06_036400.jpg,584,328,Grasper,103,176,419,322
v03_056050.jpg,716,402,Grasper,60,67,283,209
v03_043475.jpg,716,402,Grasper,170,166,323,228
v09_018950.jpg,810,454,Grasper,53,139,263,247
v09_018950.jpg,810,454,Grasper,353,4,472,66
v06_071950.jpg,584,328,Bipolar,269,97,420,192
v06_071950.jpg,584,328,Grasper,149,38,335,145
v08_021575.jpg,706,396,Irrigator,346,7,504,124
v06_074800.jpg,584,328,Grasper,109,179,272,232
v03_049400.jpg,716,402,Clipper,372,119,649,278
v02_007475.jpg,774,434,Irrigator,424,10,652,143
v06_039525.jpg,584,328,Irrigator,359,161,474,236
v10_035150.jpg,578,324,Scissors,256,58,385,156
v06_038175.jpg,584,328,Bipolar,343,146,478,231
v06_038175.jpg,584,328,Grasper,138,43,372,168
v03_062875.jpg,716,402,Hook,316,243,435,314
v05_031375.jpg,846,476,Clipper,185,61,402,243
v02_023500.jpg,774,434,Clipper,428,209,630,336
v02_023500.jpg,774,434,Grasper,85,111,296,228
v02_027000.jpg,774,434,Scissors,363,221,657,428
v09_012925.jpg,810,454,Clipper,393,265,673,454
v07_015300.jpg,586,328,Irrigator,224,197,349,321
v03_047375.jpg,716,402,Clipper,375,132,640,345
v03_053300.jpg,716,402,Scissors,347,47,590,175
v02_019675.jpg,774,434,Irrigator,361,221,624,405
v03_056250.jpg,716,402,Grasper,89,8,303,108
v03_056250.jpg,716,402,Scissors,317,65,638,223
v05_043050.jpg,846,476,Hook,415,33,847,230
v07_021700.jpg,586,328,Hook,305,139,470,308
v03_046725.jpg,716,402,Clipper,398,154,582,275
v03_046725.jpg,716,402,Grasper,322,4,457,93
v04_027425.jpg,612,344,SpecimenBag,12,145,592,333
v04_027425.jpg,612,344,Grasper,16,29,164,134
v04_027425.jpg,612,344,Grasper,163,23,347,124
v03_021225.jpg,716,402,Hook,428,101,562,188
v01_025800.jpg,596,334,Grasper,232,7,349,87
v02_023700.jpg,774,434,Clipper,554,69,755,191
v02_027200.jpg,774,434,Scissors,252,250,365,425
v03_048250.jpg,716,402,Clipper,333,234,615,402
v03_049600.jpg,716,402,Clipper,415,73,653,228
v10_034700.jpg,578,324,Scissors,305,6,410,91
v06_070325.jpg,584,328,Bipolar,284,76,391,172
v06_070325.jpg,584,328,Grasper,166,47,313,116
v08_022650.jpg,706,396,Irrigator,343,257,497,348
v05_061150.jpg,846,476,SpecimenBag,136,129,704,461
v05_061150.jpg,846,476,Grasper,298,321,512,422
v03_055375.jpg,716,402,Grasper,41,205,189,283
v03_055375.jpg,716,402,Grasper,244,7,430,80
v03_055375.jpg,716,402,Scissors,334,118,522,238
v07_032350.jpg,586,328,SpecimenBag,166,36,340,152
v08_006725.jpg,706,396,Bipolar,378,188,541,274
v03_045600.jpg,716,402,Clipper,446,59,637,198
v08_017600.jpg,706,396,Irrigator,352,134,581,232
v03_054725.jpg,716,402,Scissors,354,251,552,388
v03_044250.jpg,716,402,Clipper,476,139,635,252
v03_044250.jpg,716,402,Grasper,266,74,412,197
v10_060225.jpg,578,324,Grasper,136,50,245,123
v10_060225.jpg,578,324,Grasper,158,225,317,297
v10_064725.jpg,578,324,SpecimenBag,241,174,365,315
v05_055975.jpg,846,476,SpecimenBag,68,280,570,472
v05_055975.jpg,846,476,Grasper,227,52,570,336
v07_018750.jpg,586,328,Clipper,319,134,464,262
v07_018750.jpg,586,328,Grasper,194,6,466,118
v05_027475.jpg,846,476,Hook,438,271,638,475
v06_073200.jpg,584,328,Irrigator,283,268,367,324
v06_073200.jpg,584,328,Grasper,100,164,336,247
v10_033325.jpg,578,324,Clipper,340,27,486,144
v04_014400.jpg,612,344,Clipper,411,182,527,267
v06_072650.jpg,584,328,Irrigator,257,160,400,284
v10_026700.jpg,578,324,Irrigator,331,179,455,257
v08_018725.jpg,706,396,Irrigator,350,22,512,155
v07_031300.jpg,586,328,Irrigator,347,15,499,165
v03_056325.jpg,716,402,Grasper,29,200,175,284
v03_056325.jpg,716,402,Scissors,215,283,373,392
v03_052625.jpg,716,402,Grasper,32,185,412,357
v03_052625.jpg,716,402,Scissors,516,296,629,379
v09_012675.jpg,810,454,Clipper,427,20,810,324
v09_013225.jpg,810,454,Clipper,414,160,553,267
v08_014650.jpg,706,396,Clipper,335,37,504,182
v03_047200.jpg,716,402,Clipper,523,174,639,270
v08_021600.jpg,706,396,Irrigator,416,217,580,344
v05_062100.jpg,846,476,SpecimenBag,65,310,336,470
v05_062100.jpg,846,476,Grasper,264,57,445,177
v05_062100.jpg,846,476,Grasper,310,19,612,288
v08_020250.jpg,706,396,Bipolar,325,63,591,236
v02_007700.jpg,774,434,Irrigator,351,155,504,245
v02_007700.jpg,774,434,Grasper,204,20,584,165
v06_029325.jpg,584,328,Hook,258,6,419,142
v03_091450.jpg,716,402,Hook,222,178,319,279
v10_025750.jpg,578,324,Clipper,347,208,488,318
v10_031725.jpg,578,324,Clipper,305,2,470,114
v04_026100.jpg,612,344,Bipolar,328,66,395,140
v04_026100.jpg,612,344,Grasper,382,13,502,114
v01_025975.jpg,596,334,Grasper,229,71,317,151
v06_051275.jpg,584,328,Irrigator,188,59,310,209
v06_051275.jpg,584,328,Grasper,334,47,482,173
v06_055775.jpg,584,328,Irrigator,309,19,408,141
v06_069675.jpg,584,328,Irrigator,285,141,395,216
v06_069675.jpg,584,328,Grasper,178,57,328,136
v08_017775.jpg,706,396,Irrigator,329,279,480,388
v03_054650.jpg,716,402,Grasper,51,46,334,275
v03_054650.jpg,716,402,Scissors,418,241,628,349
v03_050350.jpg,716,402,Clipper,371,110,634,273
v03_045775.jpg,716,402,Clipper,356,163,608,343
v03_045775.jpg,716,402,Grasper,123,8,322,123
v01_054975.jpg,596,334,SpecimenBag,147,149,264,237
v01_054975.jpg,596,334,Grasper,180,143,250,193
v09_020200.jpg,810,454,Hook,379,254,469,332
v10_036300.jpg,578,324,Hook,258,66,390,159
v02_011200.jpg,774,434,Hook,517,32,750,194
v10_026675.jpg,578,324,Irrigator,369,197,456,267
v01_028100.jpg,596,334,Scissors,231,186,320,257
v01_028100.jpg,596,334,Grasper,134,37,259,116
v01_028100.jpg,596,334,Grasper,278,10,382,82
v03_098925.jpg,716,402,Grasper,475,93,630,253
v04_020175.jpg,612,344,Bipolar,270,29,477,191
v02_024250.jpg,774,434,Clipper,482,58,769,230
v05_032125.jpg,846,476,Scissors,340,187,715,465
v01_055100.jpg,596,334,SpecimenBag,125,138,256,254
v01_055100.jpg,596,334,Grasper,160,129,226,190
v01_055100.jpg,596,334,Grasper,298,119,381,212
v01_057075.jpg,596,334,SpecimenBag,102,159,365,287
v04_027150.jpg,612,344,SpecimenBag,239,86,529,336
v04_027150.jpg,612,344,Grasper,380,26,526,120
v04_027150.jpg,612,344,Grasper,12,10,153,124
v10_034275.jpg,578,324,Scissors,286,5,415,110
v10_024700.jpg,578,324,Clipper,291,82,410,166
v02_012725.jpg,774,434,Irrigator,438,348,626,427
v04_013550.jpg,612,344,Clipper,303,132,501,274
v06_038600.jpg,584,328,Grasper,99,129,332,219
v10_025350.jpg,578,324,Clipper,244,149,398,261
v07_015675.jpg,586,328,Irrigator,139,113,273,287
v03_072650.jpg,716,402,Hook,317,6,567,155
v04_013975.jpg,612,344,Clipper,274,140,535,325
v08_015600.jpg,706,396,Scissors,318,43,488,211
v10_062225.jpg,578,324,SpecimenBag,131,94,318,268
v10_062225.jpg,578,324,Grasper,107,150,220,219
v02_041625.jpg,774,434,SpecimenBag,325,10,704,391
v02_041625.jpg,774,434,Grasper,357,121,583,247
v02_041625.jpg,774,434,Grasper,276,274,447,425
v09_013625.jpg,810,454,Scissors,430,6,595,133
v06_033225.jpg,584,328,Clipper,277,125,451,254
v06_033225.jpg,584,328,Grasper,151,47,259,128
v02_019300.jpg,774,434,Bipolar,284,194,491,303
v01_025150.jpg,596,334,Clipper,142,214,268,322
v01_025150.jpg,596,334,Grasper,260,11,370,72
v03_043300.jpg,716,402,Grasper,418,7,572,178
v01_056800.jpg,596,334,SpecimenBag,232,229,414,328
v01_027800.jpg,596,334,Scissors,296,205,407,287
v01_027800.jpg,596,334,Grasper,146,26,286,112
v01_027800.jpg,596,334,Grasper,295,5,383,76
v06_052750.jpg,584,328,Grasper,103,35,253,143
v06_052750.jpg,584,328,Grasper,348,68,495,171
v06_056250.jpg,584,328,Irrigator,278,36,407,196
v06_043675.jpg,584,328,Grasper,142,19,261,96
v05_045975.jpg,846,476,Hook,472,124,804,306
v08_029700.jpg,706,396,Bipolar,364,71,573,216
v01_029150.jpg,596,334,Grasper,91,187,275,262
v01_029150.jpg,596,334,Grasper,275,42,368,119
v10_022775.jpg,578,324,Irrigator,258,59,413,201
v02_048775.jpg,774,434,Grasper,315,77,445,229
v04_015525.jpg,612,344,Scissors,346,111,519,249
v10_033650.jpg,578,324,Grasper,125,45,295,138
v03_107350.jpg,716,402,SpecimenBag,280,128,512,319
v03_107350.jpg,716,402,Grasper,217,115,352,245
v06_073775.jpg,584,328,Irrigator,216,151,385,242
v08_023775.jpg,706,396,Irrigator,249,323,382,396
v02_043350.jpg,774,434,Grasper,184,316,385,379
v02_043350.jpg,774,434,Grasper,396,6,539,78
v10_064250.jpg,578,324,Irrigator,304,134,457,218
v08_017375.jpg,706,396,Irrigator,340,235,528,328
v08_017375.jpg,706,396,Grasper,46,176,329,282
v01_055925.jpg,596,334,SpecimenBag,132,37,236,204
v01_055925.jpg,596,334,Grasper,357,81,447,144
v01_055925.jpg,596,334,Grasper,422,135,504,200
v03_055600.jpg,716,402,Scissors,404,8,583,197
v03_051300.jpg,716,402,Clipper,395,72,605,230
v03_051300.jpg,716,402,Grasper,57,260,183,355
v02_012650.jpg,774,434,Irrigator,390,299,616,428
v09_045700.jpg,810,454,SpecimenBag,420,9,794,213
v09_045700.jpg,810,454,Grasper,565,169,769,258
v06_071375.jpg,584,328,Bipolar,277,145,393,223
v06_071375.jpg,584,328,Grasper,171,39,328,115
v09_018375.jpg,810,454,Grasper,369,189,484,262
v09_018375.jpg,810,454,Grasper,374,8,472,73
v10_034300.jpg,578,324,Scissors,283,7,408,115
v06_039325.jpg,584,328,Irrigator,373,116,487,198
v09_040650.jpg,810,454,Hook,324,191,438,298
v02_032225.jpg,774,434,Hook,423,128,583,229
v05_031575.jpg,846,476,Clipper,247,64,495,261
v04_026475.jpg,612,344,Bipolar,379,171,471,255
v04_026475.jpg,612,344,Grasper,344,8,492,97
v05_056075.jpg,846,476,SpecimenBag,33,122,263,452
v03_053700.jpg,716,402,Scissors,358,14,577,152
v09_013750.jpg,810,454,Scissors,335,75,471,255
v02_019275.jpg,774,434,Bipolar,311,243,541,377
v10_062350.jpg,578,324,SpecimenBag,144,189,300,317
v02_045250.jpg,774,434,Irrigator,340,372,449,425
v03_056650.jpg,716,402,Scissors,356,62,571,214
v07_031675.jpg,586,328,Bipolar,122,87,338,203
v03_046325.jpg,716,402,Clipper,406,127,622,236
v08_024225.jpg,706,396,Irrigator,270,307,452,396
v08_030250.jpg,706,396,Bipolar,362,271,479,333
v04_013800.jpg,612,344,Clipper,281,197,527,344
v07_015700.jpg,586,328,Irrigator,119,115,235,272
v05_010975.jpg,846,476,Hook,344,205,610,413
v03_062250.jpg,716,402,Hook,270,198,382,282
v08_021375.jpg,706,396,Irrigator,410,125,564,212
v08_019775.jpg,706,396,Irrigator,332,39,501,183
v04_005125.jpg,612,344,Bipolar,255,62,475,207
v09_047275.jpg,810,454,SpecimenBag,513,341,720,448
v10_032375.jpg,578,324,Clipper,344,128,493,227
v03_112600.jpg,716,402,SpecimenBag,109,236,361,367
v03_112600.jpg,716,402,Grasper,213,163,554,390
v09_042325.jpg,810,454,Hook,469,22,695,168
v01_055475.jpg,596,334,SpecimenBag,114,52,250,167
v01_055475.jpg,596,334,Grasper,207,106,268,176
v06_057775.jpg,584,328,Irrigator,318,171,425,251
v06_057775.jpg,584,328,Grasper,231,95,387,189
v10_016200.jpg,578,324,Irrigator,282,169,420,266
v02_025375.jpg,774,434,Clipper,355,136,600,306
v03_045200.jpg,716,402,Clipper,334,191,501,328
v03_045200.jpg,716,402,Grasper,121,13,445,167
v04_025975.jpg,612,344,Bipolar,219,136,298,241
v04_025975.jpg,612,344,Grasper,310,8,494,140
v02_043225.jpg,774,434,Irrigator,311,277,555,406
v04_004950.jpg,612,344,Bipolar,267,69,403,193
v09_025625.jpg,810,454,Grasper,42,193,242,292
v09_025625.jpg,810,454,Grasper,398,6,485,52
v05_013850.jpg,846,476,Hook,418,239,792,473
v08_037675.jpg,706,396,SpecimenBag,212,119,589,315
v08_037675.jpg,706,396,Grasper,296,216,400,279
v01_054225.jpg,596,334,SpecimenBag,192,138,338,278
v01_054225.jpg,596,334,Grasper,293,166,394,212
v01_054225.jpg,596,334,Grasper,317,204,365,241
v07_032975.jpg,586,328,Bipolar,144,29,277,91
v07_019500.jpg,586,328,Scissors,278,102,392,204
v10_007125.jpg,578,324,Hook,342,214,486,287
v04_025750.jpg,612,344,Bipolar,186,96,265,175
v04_025750.jpg,612,344,Grasper,297,20,505,173
v10_018950.jpg,578,324,Irrigator,299,92,432,203
v02_001000.jpg,774,434,Grasper,343,96,462,157
v05_003300.jpg,846,476,Grasper,10,73,310,201
v01_028675.jpg,596,334,Scissors,255,188,327,251
v01_028675.jpg,596,334,Grasper,154,19,280,100
v01_028675.jpg,596,334,Grasper,292,4,387,84
v08_023825.jpg,706,396,Irrigator,255,234,481,331
v09_047075.jpg,810,454,SpecimenBag,610,190,813,355
v10_023050.jpg,578,324,Irrigator,238,27,376,185
v06_067475.jpg,584,328,SpecimenBag,224,151,437,259
v06_067475.jpg,584,328,Grasper,291,105,400,168
v10_027975.jpg,578,324,Hook,335,112,487,200
v10_022825.jpg,578,324,Irrigator,223,17,374,155
v06_058450.jpg,584,328,Irrigator,307,105,425,221
v06_058450.jpg,584,328,Grasper,103,110,340,221
v06_015550.jpg,584,328,Bipolar,374,133,482,228
v06_015550.jpg,584,328,Grasper,152,146,354,234
v06_062900.jpg,584,328,Grasper,160,77,362,157
v06_062900.jpg,584,328,Grasper,400,147,502,228
v10_041400.jpg,578,324,Hook,297,20,457,143
v08_036025.jpg,706,396,SpecimenBag,160,53,551,389
v07_033100.jpg,586,328,Bipolar,343,130,416,178
v08_013500.jpg,706,396,Scissors,297,5,462,144
v02_030975.jpg,774,434,Hook,305,63,468,207
v08_038975.jpg,706,396,Irrigator,263,301,410,384
v08_016450.jpg,706,396,Bipolar,391,13,560,140
v08_016450.jpg,706,396,Grasper,76,87,555,292
v07_008800.jpg,586,328,Hook,357,116,493,204
v01_027750.jpg,596,334,Grasper,118,35,284,133
v01_027750.jpg,596,334,Grasper,283,4,404,91
v01_027750.jpg,596,334,Scissors,259,198,383,252
v02_033475.jpg,774,434,Hook,509,3,737,152
v10_063925.jpg,578,324,SpecimenBag,126,19,194,214
v10_063925.jpg,578,324,Grasper,205,234,416,316
v06_032925.jpg,584,328,Grasper,175,166,286,198
v02_026050.jpg,774,434,Clipper,305,279,604,434
v03_056875.jpg,716,402,Grasper,48,157,239,260
v05_058700.jpg,846,476,SpecimenBag,185,11,746,398
v05_058700.jpg,846,476,Grasper,311,134,481,231
v05_058700.jpg,846,476,Grasper,543,162,833,290
v10_034100.jpg,578,324,Scissors,393,147,491,243
v03_110175.jpg,716,402,SpecimenBag,115,69,406,200
v03_110175.jpg,716,402,Grasper,52,212,259,340
v03_110175.jpg,716,402,Grasper,354,224,502,353
v10_021525.jpg,578,324,Clipper,259,9,401,91
v10_021525.jpg,578,324,Grasper,113,135,248,197
v03_048450.jpg,716,402,Clipper,314,154,535,280
v09_032575.jpg,810,454,Hook,338,168,479,275
v06_002400.jpg,584,328,Grasper,99,136,216,170
v07_015500.jpg,586,328,Irrigator,234,85,455,190
v08_035100.jpg,706,396,Bipolar,352,115,500,201
v08_035100.jpg,706,396,Grasper,102,71,297,176
v08_021175.jpg,706,396,Grasper,177,65,375,163
v08_024025.jpg,706,396,Irrigator,266,270,551,363
v08_030050.jpg,706,396,Bipolar,343,113,427,186
v10_062150.jpg,578,324,SpecimenBag,111,143,274,304
v10_062150.jpg,578,324,Grasper,230,228,350,304
v03_056450.jpg,716,402,Scissors,381,116,614,271
v03_046125.jpg,716,402,Clipper,358,54,596,193
v08_000150.jpg,706,396,Grasper,69,200,241,260
v08_000150.jpg,706,396,Grasper,227,244,278,279
v03_047575.jpg,716,402,Clipper,346,17,634,186
v06_037450.jpg,584,328,Grasper,120,232,369,326
v09_003025.jpg,810,454,Grasper,44,86,396,234
v09_020825.jpg,810,454,Hook,388,275,501,364
v08_023950.jpg,706,396,Irrigator,303,256,474,323
v08_019400.jpg,706,396,Irrigator,317,267,499,372
v05_007775.jpg,846,476,Hook,288,288,452,459
v07_019475.jpg,586,328,Scissors,272,79,365,200
v01_051200.jpg,596,334,Hook,197,135,277,188
v01_054350.jpg,596,334,SpecimenBag,183,137,345,276
v01_054350.jpg,596,334,Grasper,176,158,257,226
v01_054350.jpg,596,334,Grasper,294,165,358,219
v06_056050.jpg,584,328,Irrigator,312,50,436,171
v08_016525.jpg,706,396,Bipolar,489,81,603,189
v08_016525.jpg,706,396,Grasper,255,23,478,180
v01_027625.jpg,596,334,Scissors,252,185,357,277
v01_027625.jpg,596,334,Grasper,141,28,275,117
v01_027625.jpg,596,334,Grasper,285,6,386,81
v10_061100.jpg,578,324,SpecimenBag,207,134,446,262
v03_054050.jpg,716,402,Scissors,344,165,619,284
v03_050550.jpg,716,402,Clipper,337,165,636,341
v03_061000.jpg,716,402,Hook,363,117,506,203
v03_106925.jpg,716,402,SpecimenBag,359,274,565,397
v03_106925.jpg,716,402,Grasper,378,91,542,167
v03_106925.jpg,716,402,Grasper,76,91,310,271
v10_022950.jpg,578,324,Irrigator,236,23,396,169
v04_013750.jpg,612,344,Clipper,264,204,502,344
v10_025150.jpg,578,324,Clipper,242,165,340,232
v02_002050.jpg,774,434,Grasper,384,12,498,72
v02_002050.jpg,774,434,Grasper,339,323,442,370
v06_039050.jpg,584,328,Irrigator,291,57,434,205
v08_034800.jpg,706,396,Bipolar,289,138,390,221
v08_034800.jpg,706,396,Grasper,110,50,298,153
v09_013800.jpg,810,454,Scissors,374,54,510,186
v03_053850.jpg,716,402,Scissors,356,14,573,168
v03_079075.jpg,716,402,Grasper,64,151,524,386
v03_079075.jpg,716,402,Grasper,348,5,515,88
v02_019100.jpg,774,434,Bipolar,562,68,757,212
v03_053475.jpg,716,402,Scissors,431,21,582,125
v07_020425.jpg,586,328,Clipper,220,128,338,250
v07_031500.jpg,586,328,Irrigator,361,45,497,120
v05_047225.jpg,846,476,Hook,486,110,795,274
v03_052025.jpg,716,402,Scissors,355,55,623,272
v07_021075.jpg,586,328,Hook,271,95,340,152
v03_111875.jpg,716,402,SpecimenBag,65,213,340,393
v02_012900.jpg,774,434,Irrigator,463,8,680,108
v05_032150.jpg,846,476,Scissors,255,200,545,468
v06_047700.jpg,584,328,Bipolar,367,93,491,190
v06_047700.jpg,584,328,Grasper,183,34,369,121
v02_031600.jpg,774,434,Hook,444,43,584,168
v07_018650.jpg,586,328,Clipper,327,127,465,242
v07_018650.jpg,586,328,Grasper,192,8,457,93
v07_029300.jpg,586,328,SpecimenBag,293,7,420,79
v10_033225.jpg,578,324,Clipper,352,119,486,191
v10_032675.jpg,578,324,Clipper,296,81,494,208
v10_026600.jpg,578,324,Irrigator,349,179,469,270
v04_000575.jpg,612,344,Grasper,109,219,254,276
v04_000575.jpg,612,344,Grasper,301,55,410,121
v10_022300.jpg,578,324,Grasper,111,82,306,186
v08_018625.jpg,706,396,Irrigator,290,121,541,258
v06_015250.jpg,584,328,Grasper,102,137,245,196
v04_014925.jpg,612,344,Clipper,269,144,399,228
v08_022750.jpg,706,396,Irrigator,393,237,559,307
v05_061050.jpg,846,476,SpecimenBag,118,115,696,463
v05_061050.jpg,846,476,Grasper,421,148,792,244
v05_061050.jpg,846,476,Grasper,345,85,613,207
v08_033675.jpg,706,396,Bipolar,323,211,545,331
v08_033675.jpg,706,396,Grasper,79,87,265,179
v10_061775.jpg,578,324,SpecimenBag,183,20,454,272
v10_061775.jpg,578,324,Grasper,130,185,422,301
v05_009475.jpg,846,476,Hook,304,278,548,475
v03_045700.jpg,716,402,Clipper,478,145,647,291
v03_055275.jpg,716,402,Grasper,43,111,218,217
v03_055275.jpg,716,402,Grasper,251,7,407,78
v03_055275.jpg,716,402,Scissors,374,101,609,242
v03_044350.jpg,716,402,Clipper,448,186,592,361
v03_044350.jpg,716,402,Grasper,124,32,346,213
v01_026400.jpg,596,334,Clipper,284,176,379,248
v01_026400.jpg,596,334,Grasper,205,8,408,88
v05_055450.jpg,846,476,SpecimenBag,33,194,347,475
v04_023025.jpg,612,344,Grasper,274,89,547,246
v05_031075.jpg,846,476,Clipper,373,304,675,474
v05_031075.jpg,846,476,Grasper,19,264,221,368
v04_026175.jpg,612,344,Bipolar,345,142,424,247
v04_026175.jpg,612,344,Grasper,363,10,482,106
v02_023600.jpg,774,434,Clipper,449,213,690,413
v02_023600.jpg,774,434,Grasper,77,120,245,229
v06_028700.jpg,584,328,Hook,325,96,457,191
v03_111225.jpg,716,402,SpecimenBag,97,144,412,283
v03_111225.jpg,716,402,Grasper,130,161,323,274
v02_012350.jpg,774,434,Irrigator,481,133,679,288
v02_012350.jpg,774,434,Grasper,64,250,420,357
v03_048350.jpg,716,402,Clipper,284,145,641,364
v03_049700.jpg,716,402,Clipper,269,22,624,254
v03_110675.jpg,716,402,Grasper,372,5,582,162
v03_110675.jpg,716,402,Grasper,397,232,622,327
v04_028825.jpg,612,344,SpecimenBag,204,17,493,197
v04_028825.jpg,612,344,Grasper,243,27,362,81
v08_035600.jpg,706,396,Grasper,319,8,564,116
v03_056350.jpg,716,402,Grasper,45,173,194,240
v03_056350.jpg,716,402,Scissors,401,309,617,400
v08_018750.jpg,706,396,Irrigator,294,85,487,225
v04_000400.jpg,612,344,Grasper,284,51,415,126
v03_112275.jpg,716,402,SpecimenBag,106,48,438,308
v03_112275.jpg,716,402,Grasper,359,83,455,179
v03_112275.jpg,716,402,Grasper,445,225,597,316
v06_067200.jpg,584,328,SpecimenBag,157,140,328,279
v06_067200.jpg,584,328,Grasper,222,131,336,215
v06_067200.jpg,584,328,Grasper,307,78,409,152
v01_028000.jpg,596,334,Scissors,291,186,376,255
v01_028000.jpg,596,334,Grasper,126,42,261,129
v01_028000.jpg,596,334,Grasper,285,7,376,82
v05_027400.jpg,846,476,Grasper,350,2,628,75
v10_006300.jpg,578,324,Grasper,100,186,386,271
v06_043375.jpg,584,328,Bipolar,302,165,480,261
v06_057300.jpg,584,328,Irrigator,268,104,397,180
v06_057300.jpg,584,328,Grasper,196,61,354,124
v05_022550.jpg,846,476,Hook,482,285,844,443
v10_064750.jpg,578,324,SpecimenBag,207,159,447,309
v05_036900.jpg,846,476,Hook,506,259,832,476
v08_006750.jpg,706,396,Bipolar,462,202,609,301
v08_016225.jpg,706,396,Bipolar,280,10,493,180
v08_016225.jpg,706,396,Grasper,81,12,192,97
v02_042200.jpg,774,434,SpecimenBag,380,27,694,237
v08_023275.jpg,706,396,Grasper,55,122,270,227
v08_023275.jpg,706,396,Grasper,268,138,335,203
v03_097900.jpg,716,402,Hook,386,3,607,137
v10_024200.jpg,578,324,Clipper,288,159,427,242
v10_034775.jpg,578,324,Scissors,306,8,411,95
v04_028950.jpg,612,344,SpecimenBag,160,45,487,232
v04_028950.jpg,612,344,Grasper,223,71,340,130
v04_028950.jpg,612,344,Grasper,411,13,548,74
v05_058175.jpg,846,476,SpecimenBag,116,14,691,352
v10_025650.jpg,578,324,Clipper,261,78,373,171
v06_071700.jpg,584,328,Bipolar,335,164,485,248
v06_071700.jpg,584,328,Grasper,139,52,369,159
v06_038300.jpg,584,328,Bipolar,392,114,498,209
v06_038300.jpg,584,328,Grasper,124,49,382,194
v02_037700.jpg,774,434,Hook,339,3,557,152
v05_056825.jpg,846,476,SpecimenBag,35,33,533,358
v03_056225.jpg,716,402,Grasper,70,23,272,128
v03_056225.jpg,716,402,Scissors,330,98,625,281
v09_013325.jpg,810,454,Clipper,538,27,795,227
v08_014750.jpg,706,396,Clipper,338,9,552,149
v05_056400.jpg,846,476,SpecimenBag,51,170,459,464
v08_021700.jpg,706,396,Irrigator,375,179,558,280
v08_035775.jpg,706,396,SpecimenBag,274,61,575,373
v08_035775.jpg,706,396,Grasper,294,46,514,156
v05_059900.jpg,846,476,SpecimenBag,213,30,656,369
v05_059900.jpg,846,476,Grasper,495,126,667,226
v05_059900.jpg,846,476,Grasper,279,249,406,350
v05_059900.jpg,846,476,Grasper,337,11,515,79
v08_020350.jpg,706,396,Bipolar,318,4,461,102
v05_011950.jpg,846,476,Hook,333,236,567,423
v03_046975.jpg,716,402,Clipper,417,240,632,361
v06_055475.jpg,584,328,Grasper,418,118,502,230
v06_041400.jpg,584,328,Hook,330,87,456,183
v04_026200.jpg,612,344,Bipolar,298,174,363,257
v10_025450.jpg,578,324,Clipper,260,74,499,254
v06_071500.jpg,584,328,Bipolar,263,111,364,200
v06_071500.jpg,584,328,Grasper,182,26,346,112
v06_038100.jpg,584,328,Bipolar,324,153,478,247
v06_038100.jpg,584,328,Grasper,138,42,389,172
v03_101425.jpg,716,402,Hook,434,15,578,111
v10_035125.jpg,578,324,Scissors,281,52,411,159
v09_040025.jpg,810,454,Hook,400,6,582,135
v03_110500.jpg,716,402,Grasper,348,25,568,195
v03_110500.jpg,716,402,Grasper,447,102,638,206
v06_039550.jpg,584,328,Irrigator,372,110,484,187
v10_034575.jpg,578,324,Scissors,314,11,418,98
v10_034950.jpg,578,324,Scissors,329,233,427,311
v07_015175.jpg,586,328,Irrigator,259,82,373,168
v07_015175.jpg,586,328,Grasper,119,78,254,133
v04_029325.jpg,612,344,SpecimenBag,57,109,353,300
v04_029325.jpg,612,344,Grasper,403,21,546,105
v02_023950.jpg,774,434,Clipper,422,126,727,272
v09_013125.jpg,810,454,Clipper,474,63,758,263
v02_044075.jpg,774,434,Bipolar,322,9,481,90
v02_044075.jpg,774,434,Grasper,459,7,687,131
v03_053175.jpg,716,402,Scissors,350,61,625,190
v01_035325.jpg,596,334,Grasper,272,33,365,102
v01_035325.jpg,596,334,Hook,270,174,355,234
v05_056600.jpg,846,476,SpecimenBag,71,34,515,463
v03_052525.jpg,716,402,Scissors,478,214,621,309
v07_031000.jpg,586,328,Bipolar,189,126,313,232
v08_015100.jpg,706,396,Grasper,153,35,368,109
v06_032175.jpg,584,328,Hook,285,162,403,251
v02_045425.jpg,774,434,SpecimenBag,405,54,632,205
v02_045425.jpg,774,434,Grasper,224,85,720,315
v02_026800.jpg,774,434,Scissors,230,245,384,425
v09_000950.jpg,810,454,Grasper,316,55,395,137
v03_019875.jpg,716,402,Hook,312,190,567,369
v05_032225.jpg,846,476,Scissors,249,214,560,459
v08_012900.jpg,706,396,Clipper,370,37,609,202
v08_006975.jpg,706,396,Bipolar,434,128,585,214
v10_016475.jpg,578,324,Irrigator,238,236,375,319
v02_035075.jpg,774,434,Hook,486,320,730,432
v08_009475.jpg,706,396,Hook,402,91,519,170
v08_033925.jpg,706,396,Bipolar,330,104,463,212
v08_033925.jpg,706,396,Grasper,149,66,326,179
v07_029075.jpg,586,328,SpecimenBag,290,4,406,100
v07_029075.jpg,586,328,Grasper,150,44,316,127
v03_082300.jpg,716,402,Hook,346,2,477,105
v05_013200.jpg,846,476,Hook,324,271,707,477
v06_076125.jpg,584,328,Bipolar,284,5,383,74
v08_036450.jpg,706,396,SpecimenBag,192,170,547,381
v08_036450.jpg,706,396,Grasper,242,216,354,280
v08_036450.jpg,706,396,Grasper,339,153,454,245
v05_061325.jpg,846,476,SpecimenBag,67,179,558,460
v05_061325.jpg,846,476,Grasper,549,84,821,198
v05_061325.jpg,846,476,Grasper,19,162,155,320
v03_045475.jpg,716,402,Clipper,442,247,602,363
v03_045475.jpg,716,402,Grasper,193,10,495,241
v08_006550.jpg,706,396,Bipolar,461,208,615,292
v03_055100.jpg,716,402,Scissors,369,107,545,222
v02_042000.jpg,774,434,SpecimenBag,300,22,717,312
v02_042000.jpg,774,434,Grasper,379,78,638,204
v02_042000.jpg,774,434,Grasper,358,46,485,129
v06_021525.jpg,584,328,Grasper,109,95,223,147
v03_050050.jpg,716,402,Clipper,295,54,650,295
v03_054550.jpg,716,402,Grasper,55,21,342,226
v03_054550.jpg,716,402,Scissors,338,272,612,398
v07_033575.jpg,586,328,Bipolar,187,10,362,119
v05_058200.jpg,846,476,SpecimenBag,129,16,702,424
v02_007575.jpg,774,434,Irrigator,375,131,564,247
v02_007575.jpg,774,434,Grasper,426,6,630,129
v02_012150.jpg,774,434,Irrigator,413,261,538,337
v02_012150.jpg,774,434,Grasper,247,178,535,287
v10_035050.jpg,578,324,Scissors,260,25,377,164
v03_048150.jpg,716,402,Clipper,370,81,644,253
v03_076900.jpg,716,402,Hook,340,69,506,178
v08_035825.jpg,706,396,SpecimenBag,249,72,545,397
v02_027100.jpg,774,434,Scissors,242,277,364,427
v04_026375.jpg,612,344,Bipolar,323,151,412,247
v10_014075.jpg,578,324,Grasper,97,143,256,203
v02_040825.jpg,774,434,SpecimenBag,483,139,723,420
v02_040825.jpg,774,434,Grasper,442,204,567,300
v06_036925.jpg,584,328,Grasper,334,58,492,172
v09_002175.jpg,810,454,Grasper,42,157,350,303
v02_045550.jpg,774,434,SpecimenBag,436,86,721,291
v05_053625.jpg,846,476,Hook,596,220,840,370
v03_046425.jpg,716,402,Clipper,405,113,617,229
v05_057325.jpg,846,476,SpecimenBag,81,10,438,181
v03_053000.jpg,716,402,Scissors,331,85,629,218
v05_056775.jpg,846,476,SpecimenBag,82,27,638,456
v02_019575.jpg,774,434,Irrigator,228,16,632,197
v02_044100.jpg,774,434,Bipolar,299,2,503,68
v02_044100.jpg,774,434,Grasper,443,11,696,138
v04_029250.jpg,612,344,SpecimenBag,143,94,432,265
v10_031975.jpg,578,324,Clipper,291,107,452,209
v03_015900.jpg,716,402,Hook,366,4,580,165
v03_072025.jpg,716,402,Hook,336,95,491,178
v08_034050.jpg,706,396,Bipolar,375,126,533,230
v08_034050.jpg,706,396,Grasper,154,16,343,142
v06_074900.jpg,584,328,Bipolar,284,82,374,173
v06_074900.jpg,584,328,Grasper,122,159,270,242
v10_020850.jpg,578,324,Grasper,100,179,256,235
v09_033425.jpg,810,454,Hook,449,162,618,292
v04_014700.jpg,612,344,Clipper,278,161,377,260
v04_014700.jpg,612,344,Grasper,98,176,200,238
v10_032475.jpg,578,324,Clipper,312,52,490,247
v10_051850.jpg,578,324,Hook,346,27,480,125
v03_112100.jpg,716,402,SpecimenBag,72,110,447,381
v03_112100.jpg,716,402,Grasper,341,153,485,260
v08_018425.jpg,706,396,Irrigator,304,102,521,229
v01_028375.jpg,596,334,Scissors,256,186,337,255
v01_028375.jpg,596,334,Grasper,136,37,285,122
v01_028375.jpg,596,334,Grasper,300,7,389,79
v04_015350.jpg,612,344,Grasper,318,5,436,79
v04_015350.jpg,612,344,Scissors,389,83,521,169
v10_033025.jpg,578,324,Clipper,350,160,495,282
v06_052125.jpg,584,328,Irrigator,272,169,388,248
v06_052125.jpg,584,328,Grasper,366,89,492,185
v08_006800.jpg,706,396,Bipolar,403,159,567,258
v03_045925.jpg,716,402,Clipper,304,177,504,338
v03_045925.jpg,716,402,Grasper,107,26,267,174
v03_051950.jpg,716,402,Grasper,108,14,288,154
v03_051950.jpg,716,402,Scissors,325,202,498,312
v08_012875.jpg,706,396,Clipper,415,140,542,250
v08_012875.jpg,706,396,Grasper,187,7,411,76
v01_054725.jpg,596,334,SpecimenBag,203,112,364,240
v01_054725.jpg,596,334,Grasper,187,104,252,148
v01_054725.jpg,596,334,Grasper,309,146,398,201
v01_054725.jpg,596,334,Grasper,371,229,459,277
v08_039400.jpg,706,396,Irrigator,553,218,607,267
v07_033825.jpg,586,328,Bipolar,286,4,470,256
v05_032350.jpg,846,476,Scissors,258,153,569,461
v02_043900.jpg,774,434,Bipolar,398,50,696,196
v02_043900.jpg,774,434,Grasper,383,149,595,276
v10_013450.jpg,578,324,Hook,150,2,260,93
v07_033400.jpg,586,328,Bipolar,318,127,424,242
v02_042175.jpg,774,434,SpecimenBag,421,87,733,313
v08_006425.jpg,706,396,Bipolar,422,130,591,243
v03_055075.jpg,716,402,Scissors,345,51,512,184
v09_024575.jpg,810,454,Hook,506,280,761,431
v08_036525.jpg,706,396,SpecimenBag,264,99,574,358
v08_036525.jpg,706,396,Grasper,195,223,327,304
v03_028075.jpg,716,402,Hook,247,39,358,171
v08_035000.jpg,706,396,Bipolar,349,105,496,204
v08_035000.jpg,706,396,Grasper,100,89,294,177
v08_034450.jpg,706,396,Bipolar,308,219,325,223
v08_034450.jpg,706,396,Grasper,124,40,316,155
v08_024125.jpg,706,396,Irrigator,272,271,509,352
v08_030150.jpg,706,396,Bipolar,382,175,522,243
v06_070800.jpg,584,328,Bipolar,326,21,447,138
v06_070800.jpg,584,328,Grasper,157,79,310,151
v10_024950.jpg,578,324,Clipper,240,152,355,247
v02_018525.jpg,774,434,Bipolar,549,96,755,254
v03_052050.jpg,716,402,Scissors,351,112,613,305
v03_046025.jpg,716,402,Clipper,262,159,408,277
v03_046025.jpg,716,402,Grasper,114,-3,317,142
v08_015475.jpg,706,396,Scissors,328,55,506,204
v07_031575.jpg,586,328,Bipolar,156,232,405,320
v05_046600.jpg,846,476,Hook,530,64,840,237
v03_047475.jpg,716,402,Clipper,358,9,639,188
v05_056375.jpg,846,476,SpecimenBag,49,160,440,465
v06_055100.jpg,584,328,Hook,229,107,313,183
v02_041875.jpg,774,434,SpecimenBag,338,146,713,403
v02_041875.jpg,774,434,Grasper,427,172,603,302
v02_041875.jpg,774,434,Grasper,361,7,640,119
v08_015850.jpg,706,396,Grasper,254,9,400,48
v03_049100.jpg,716,402,Clipper,328,222,642,397
v03_090675.jpg,716,402,Hook,348,8,584,178
v08_020800.jpg,706,396,Bipolar,336,4,526,169
v06_070425.jpg,584,328,Bipolar,270,129,381,219
v06_070425.jpg,584,328,Grasper,172,81,350,155
v06_071075.jpg,584,328,Bipolar,316,72,426,205
v06_071075.jpg,584,328,Grasper,152,55,303,139
v06_002925.jpg,584,328,Grasper,179,233,441,315
v06_048025.jpg,584,328,Bipolar,244,13,357,169
v06_048025.jpg,584,328,Grasper,103,127,234,183
v08_029950.jpg,706,396,Bipolar,382,100,504,176
v05_051750.jpg,846,476,Hook,445,63,713,210
v01_027650.jpg,596,334,Scissors,270,179,373,274
v01_027650.jpg,596,334,Grasper,132,38,276,121
v01_027650.jpg,596,334,Grasper,288,10,384,79
v08_038875.jpg,706,396,Irrigator,265,297,399,371
v03_055475.jpg,716,402,Grasper,27,161,216,268
v03_055475.jpg,716,402,Grasper,240,13,395,54
v03_055475.jpg,716,402,Scissors,374,100,552,211
v02_025075.jpg,774,434,Clipper,387,256,666,431
v06_056025.jpg,584,328,Irrigator,295,28,412,139
v02_021575.jpg,774,434,Hook,422,5,734,160
v10_006475.jpg,578,324,Grasper,99,187,269,253
v08_013825.jpg,706,396,Scissors,336,6,511,135
v01_055775.jpg,596,334,SpecimenBag,123,42,227,206
v01_055775.jpg,596,334,Grasper,345,111,424,166
v03_044975.jpg,716,402,Clipper,329,141,509,246
v03_044975.jpg,716,402,Grasper,255,12,448,129
v06_034850.jpg,584,328,Grasper,102,69,305,155
v06_034850.jpg,584,328,Scissors,312,134,442,205
v06_043400.jpg,584,328,Bipolar,360,64,481,170
v03_109875.jpg,716,402,SpecimenBag,213,175,414,284
v03_109875.jpg,716,402,Grasper,259,196,355,275
v03_109875.jpg,716,402,Grasper,409,223,532,284
v10_032075.jpg,578,324,Clipper,301,91,476,203
v10_018850.jpg,578,324,Irrigator,289,34,412,146
v08_019475.jpg,706,396,Irrigator,309,239,535,365
v07_029500.jpg,586,328,SpecimenBag,251,7,352,63
v07_029500.jpg,586,328,Grasper,361,38,461,112
v08_023925.jpg,706,396,Irrigator,299,302,480,362
v06_073500.jpg,584,328,Irrigator,222,39,350,182
v04_015750.jpg,612,344,Scissors,341,137,509,268
v09_017025.jpg,810,454,Grasper,457,103,572,172
v09_017025.jpg,810,454,Grasper,461,4,558,67
v04_018275.jpg,612,344,Hook,277,106,340,165
v02_044475.jpg,774,434,Grasper,427,104,739,292
v03_078900.jpg,716,402,Grasper,337,59,492,169
v03_078900.jpg,716,402,Grasper,322,7,543,99
v08_015500.jpg,706,396,Scissors,331,58,505,212
v03_056425.jpg,716,402,Scissors,375,189,594,303
v04_019625.jpg,612,344,Hook,344,51,447,141
v02_029100.jpg,774,434,Hook,475,78,759,242
v08_030025.jpg,706,396,Bipolar,365,133,493,220
v03_111975.jpg,716,402,SpecimenBag,78,235,336,400
v06_028075.jpg,584,328,Hook,319,110,436,203
v02_012425.jpg,774,434,Irrigator,438,71,632,179
v02_012425.jpg,774,434,Grasper,106,7,462,87
v10_024400.jpg,578,324,Clipper,284,138,386,193
v06_039150.jpg,584,328,Irrigator,361,119,478,203
v08_020975.jpg,706,396,Bipolar,318,60,504,202
v08_010875.jpg,706,396,Hook,388,60,522,171
v03_053950.jpg,716,402,Scissors,375,6,562,128
v03_045075.jpg,716,402,Clipper,369,163,550,269
v03_045075.jpg,716,402,Grasper,254,11,456,138
v01_027725.jpg,596,334,Scissors,250,199,361,286
v01_027725.jpg,596,334,Grasper,130,37,285,128
v01_027725.jpg,596,334,Grasper,291,8,389,95
v08_038900.jpg,706,396,Irrigator,291,271,425,345
v09_001525.jpg,810,454,Grasper,471,196,554,254
v06_024075.jpg,584,328,Grasper,117,86,313,189
v10_064150.jpg,578,324,Irrigator,334,8,402,68
v06_034500.jpg,584,328,Grasper,127,30,341,122
v06_034500.jpg,584,328,Scissors,316,75,504,189
v03_050450.jpg,716,402,Clipper,358,67,614,249
v08_036050.jpg,706,396,SpecimenBag,90,36,462,385
v10_055400.jpg,578,324,Hook,260,88,369,179
v03_112850.jpg,716,402,SpecimenBag,81,244,364,390
v03_112850.jpg,716,402,Grasper,366,104,577,215
v06_067825.jpg,584,328,SpecimenBag,209,111,393,263
v06_067825.jpg,584,328,Grasper,326,53,403,112
v03_017900.jpg,716,402,Hook,476,180,646,261
v03_107050.jpg,716,402,SpecimenBag,239,24,588,381
v03_107050.jpg,716,402,Grasper,78,143,291,296
v04_015625.jpg,612,344,Scissors,336,53,508,163
v06_073475.jpg,584,328,Irrigator,213,60,343,182
v09_047000.jpg,810,454,SpecimenBag,464,118,776,296
v09_047000.jpg,810,454,Grasper,608,201,785,268
v08_023850.jpg,706,396,Irrigator,265,232,471,336
v01_028600.jpg,596,334,Scissors,272,207,337,262
v01_028600.jpg,596,334,Grasper,156,16,290,104
v01_028600.jpg,596,334,Grasper,296,7,395,73
v10_026175.jpg,578,324,Irrigator,106,24,197,147
v04_004700.jpg,612,344,Bipolar,211,7,450,172
v04_004700.jpg,612,344,Grasper,135,45,242,142
v09_031800.jpg,810,454,Grasper,314,345,541,432
v07_019575.jpg,586,328,Scissors,187,127,351,280
v08_013950.jpg,706,396,Scissors,318,10,520,154
v01_055600.jpg,596,334,SpecimenBag,124,39,247,174
v01_055600.jpg,596,334,Grasper,282,98,366,171
v07_023825.jpg,586,328,Hook,242,83,326,151
v06_056150.jpg,584,328,Irrigator,293,18,405,142
v10_016075.jpg,578,324,Grasper,107,105,228,169
v04_015800.jpg,612,344,Scissors,332,114,491,236
v08_022225.jpg,706,396,Irrigator,424,118,569,224
v08_022225.jpg,706,396,Grasper,81,106,381,233
v04_004925.jpg,612,344,Bipolar,227,178,361,276
v04_025900.jpg,612,344,Bipolar,247,158,342,276
v03_050650.jpg,716,402,Clipper,385,50,636,209
v03_044625.jpg,716,402,Clipper,373,72,592,203
v01_027900.jpg,596,334,Grasper,100,48,278,127
v01_027900.jpg,596,334,Grasper,282,6,406,79
v01_027900.jpg,596,334,Scissors,276,172,419,247
v07_018325.jpg,586,328,Clipper,385,112,497,218
v10_016275.jpg,578,324,Irrigator,327,234,419,317
v02_024750.jpg,774,434,Clipper,479,50,705,196
v06_057700.jpg,584,328,Irrigator,307,164,449,243
v06_057700.jpg,584,328,Grasper,246,97,389,174
v03_092075.jpg,716,402,Hook,267,205,482,360
v10_026375.jpg,578,324,Irrigator,308,126,428,215
v09_046650.jpg,810,454,SpecimenBag,411,50,769,286
v09_046650.jpg,810,454,Grasper,583,205,793,332
v02_048675.jpg,774,434,SpecimenBag,512,117,758,244
v04_015425.jpg,612,344,Grasper,238,5,407,92
v04_015425.jpg,612,344,Scissors,461,118,539,184
v06_073675.jpg,584,328,SpecimenBag,268,56,457,225
v10_023225.jpg,578,324,Irrigator,286,44,425,152
v08_019700.jpg,706,396,Irrigator,344,74,538,214
v04_028175.jpg,612,344,SpecimenBag,158,46,413,222
v04_028175.jpg,612,344,Grasper,40,96,239,167
v04_028175.jpg,612,344,Grasper,243,28,345,133
v08_020750.jpg,706,396,Bipolar,352,7,560,168
v08_024250.jpg,706,396,Irrigator,261,286,494,374
v01_053850.jpg,596,334,SpecimenBag,97,204,275,314
v01_053850.jpg,596,334,Grasper,290,113,342,152
v03_056625.jpg,716,402,Scissors,362,55,575,174
v02_045225.jpg,774,434,Irrigator,322,348,421,428
v06_022200.jpg,584,328,Bipolar,349,144,485,238
v06_022200.jpg,584,328,Grasper,118,90,192,153
v02_019200.jpg,774,434,Bipolar,359,279,628,430
v06_037625.jpg,584,328,Grasper,116,223,348,323
v03_053775.jpg,716,402,Scissors,369,15,569,154
v08_014350.jpg,706,396,Clipper,401,13,570,146
v04_026400.jpg,612,344,Bipolar,365,3,548,140
v01_056525.jpg,596,334,SpecimenBag,86,166,160,260
v06_074250.jpg,584,328,SpecimenBag,252,72,459,243
v03_094000.jpg,716,402,Hook,473,40,620,124
v09_041275.jpg,810,454,Hook,434,101,675,249
v04_013450.jpg,612,344,Clipper,311,67,519,319
v09_005350.jpg,810,454,Grasper,43,125,348,234
v10_061375.jpg,578,324,SpecimenBag,219,24,408,220
v10_061375.jpg,578,324,Grasper,187,63,312,125
v08_006225.jpg,706,396,Bipolar,333,32,585,203
v08_006225.jpg,706,396,Grasper,292,47,494,136
v07_032650.jpg,586,328,Bipolar,212,30,363,115
v01_033425.jpg,596,334,Hook,213,147,281,194
v08_013600.jpg,706,396,Scissors,348,6,526,124
v07_033200.jpg,586,328,Bipolar,324,161,400,187
v01_032075.jpg,596,334,Hook,232,57,334,148
v03_054225.jpg,716,402,Scissors,342,7,553,114
v06_069200.jpg,584,328,Irrigator,251,156,384,258
v06_069200.jpg,584,328,Grasper,248,56,356,147
v04_025875.jpg,612,344,Bipolar,263,163,345,262
v04_004850.jpg,612,344,Bipolar,262,83,412,210
v05_061450.jpg,846,476,SpecimenBag,108,290,585,472
v05_061450.jpg,846,476,Grasper,174,189,594,290
v01_028575.jpg,596,334,Grasper,133,28,296,121
v01_028575.jpg,596,334,Grasper,293,4,404,83
v01_028575.jpg,596,334,Scissors,242,194,341,250
v04_015550.jpg,612,344,Grasper,126,6,307,106
v04_015550.jpg,612,344,Scissors,324,102,507,234
v04_005025.jpg,612,344,Bipolar,243,96,467,249
v10_032275.jpg,578,324,Clipper,343,46,490,142
v08_029775.jpg,706,396,Bipolar,366,92,480,173
v10_016300.jpg,578,324,Irrigator,281,169,435,267
v02_025275.jpg,774,434,Clipper,445,115,746,436
v06_056225.jpg,584,328,Irrigator,275,39,420,186
v04_020500.jpg,612,344,Bipolar,280,63,399,193
v03_047675.jpg,716,402,Clipper,361,194,641,360
v07_020650.jpg,586,328,Scissors,179,123,294,275
v03_053600.jpg,716,402,Scissors,447,43,590,133
v05_056175.jpg,846,476,SpecimenBag,63,52,529,461
v06_033250.jpg,584,328,Clipper,268,87,426,223
v06_033250.jpg,584,328,Grasper,164,26,259,111
v06_037750.jpg,584,328,Bipolar,321,146,484,260
v06_037750.jpg,584,328,Grasper,161,155,346,260
v06_023725.jpg,584,328,Grasper,137,32,287,105
v02_008250.jpg,774,434,Grasper,464,142,634,241
v05_058825.jpg,846,476,SpecimenBag,200,13,699,387
v05_058825.jpg,846,476,Grasper,222,121,458,244
v05_058825.jpg,846,476,Grasper,601,15,795,92
v02_002225.jpg,774,434,Grasper,371,220,526,308
v09_045600.jpg,810,454,SpecimenBag,326,21,723,213
v09_045600.jpg,810,454,Grasper,541,112,746,242
v09_045600.jpg,810,454,Grasper,258,292,480,435
v03_048750.jpg,716,402,Clipper,285,252,540,396
v03_049300.jpg,716,402,Clipper,380,164,661,353
v05_058400.jpg,846,476,SpecimenBag,281,14,779,328
v05_058400.jpg,846,476,Grasper,261,137,580,278
v02_007375.jpg,774,434,Grasper,495,109,665,200
v09_044250.jpg,810,454,Grasper,426,156,567,230
v06_039225.jpg,584,328,Irrigator,280,57,392,177
v10_034200.jpg,578,324,Scissors,286,6,427,136
v04_027125.jpg,612,344,SpecimenBag,287,35,577,299
v01_057000.jpg,596,334,SpecimenBag,183,198,391,327
v01_057025.jpg,596,334,SpecimenBag,180,196,371,321
v04_026550.jpg,612,344,Bipolar,296,188,389,309
v04_026550.jpg,612,344,Grasper,308,16,459,134
v04_013500.jpg,612,344,Clipper,271,145,535,333
v02_012775.jpg,774,434,Irrigator,434,302,637,416
v10_025300.jpg,578,324,Clipper,327,184,486,285
v10_034225.jpg,578,324,Scissors,295,7,420,107
v06_039200.jpg,584,328,Irrigator,398,67,472,144
v10_024750.jpg,578,324,Clipper,290,103,464,197
v05_058425.jpg,846,476,SpecimenBag,178,19,771,319
v05_058425.jpg,846,476,Grasper,28,115,239,214
v05_058425.jpg,846,476,Grasper,54,353,295,458
v04_028025.jpg,612,344,SpecimenBag,253,16,571,329
v04_028025.jpg,612,344,Grasper,183,142,343,269
v04_028025.jpg,612,344,Grasper,192,34,320,119
v08_030375.jpg,706,396,Bipolar,429,233,601,310
v08_020600.jpg,706,396,Bipolar,365,6,546,163
v08_035225.jpg,706,396,Bipolar,334,114,464,184
v08_035225.jpg,706,396,Grasper,91,85,299,183
v10_046300.jpg,578,324,Hook,278,39,340,102
v10_042600.jpg,578,324,Hook,326,34,436,128
v04_013925.jpg,612,344,Clipper,291,156,532,342
v06_033275.jpg,584,328,Clipper,259,59,399,198
v06_033275.jpg,584,328,Grasper,163,30,278,121
v05_056150.jpg,846,476,SpecimenBag,92,15,758,456
v07_031750.jpg,586,328,Bipolar,102,160,343,266
v04_021175.jpg,612,344,Hook,275,67,365,157
v02_024600.jpg,774,434,Clipper,305,277,658,434
v05_026500.jpg,846,476,Hook,213,219,436,476
v08_029750.jpg,706,396,Bipolar,366,100,470,186
v07_019625.jpg,586,328,Scissors,230,231,334,324
v01_054100.jpg,596,334,SpecimenBag,172,113,330,265
v01_054100.jpg,596,334,Grasper,303,158,366,208
v01_054100.jpg,596,334,Grasper,370,148,431,197
v01_044475.jpg,596,334,Hook,288,164,372,218
v08_038675.jpg,706,396,Irrigator,251,329,361,393
v10_012625.jpg,578,324,Hook,274,5,428,91
v10_023375.jpg,578,324,Irrigator,289,78,411,178
v04_015575.jpg,612,344,Scissors,365,71,511,200
v01_028550.jpg,596,334,Scissors,274,189,398,257
v01_028550.jpg,596,334,Grasper,147,25,288,104
v01_028550.jpg,596,334,Grasper,294,7,390,73
v04_004450.jpg,612,344,Bipolar,334,29,487,178
v04_004450.jpg,612,344,Grasper,119,72,311,197
v09_046700.jpg,810,454,SpecimenBag,393,67,702,267
v09_046700.jpg,810,454,Grasper,564,205,788,301
v03_106750.jpg,716,402,SpecimenBag,375,292,544,403
v06_072375.jpg,584,328,Irrigator,297,169,439,249
v10_026225.jpg,578,324,Irrigator,321,111,476,203
v05_060025.jpg,846,476,SpecimenBag,232,56,662,331
v05_060025.jpg,846,476,Grasper,456,153,824,307
v05_060025.jpg,846,476,Grasper,247,216,365,297
v05_060025.jpg,846,476,Grasper,369,9,524,70
v06_048200.jpg,584,328,Bipolar,280,79,382,185
v06_015675.jpg,584,328,Bipolar,353,101,490,210
v06_015675.jpg,584,328,Grasper,104,184,291,260
v08_023725.jpg,706,396,Irrigator,169,313,300,389
v08_037750.jpg,706,396,SpecimenBag,277,83,543,301
v08_037750.jpg,706,396,Grasper,370,239,567,377
v03_045325.jpg,716,402,Clipper,371,219,557,335
v03_045325.jpg,716,402,Grasper,137,15,490,198
v10_061350.jpg,578,324,SpecimenBag,196,74,434,281
v10_061350.jpg,578,324,Grasper,152,106,231,154
v02_047600.jpg,774,434,SpecimenBag,370,47,733,345
v04_025850.jpg,612,344,Bipolar,270,167,363,270
v02_043300.jpg,774,434,Irrigator,244,9,445,123
v10_064200.jpg,578,324,Irrigator,318,15,421,97
v07_033225.jpg,586,328,Bipolar,125,239,205,293
v03_054200.jpg,716,402,Scissors,344,11,561,133
v08_013625.jpg,706,396,Scissors,327,9,521,134
v03_049250.jpg,716,402,Clipper,353,96,655,368
v10_034350.jpg,578,324,Scissors,307,7,420,110
v03_110325.jpg,716,402,Grasper,374,12,556,169
v03_110325.jpg,716,402,Grasper,509,115,638,197
v09_045750.jpg,810,454,SpecimenBag,353,13,703,249
v09_045750.jpg,810,454,Grasper,537,162,734,277
v02_012600.jpg,774,434,Irrigator,316,289,557,423
v06_071325.jpg,584,328,Bipolar,220,69,321,181
v06_071325.jpg,584,328,Grasper,163,43,290,123
v02_016300.jpg,774,434,Hook,347,222,448,323
v03_048600.jpg,716,402,Clipper,333,238,610,391
v05_031525.jpg,846,476,Clipper,275,62,679,342
v01_056500.jpg,596,334,SpecimenBag,88,195,163,263
v01_056500.jpg,596,334,Grasper,242,188,384,255
v09_039300.jpg,810,454,Hook,443,25,608,166
v02_023350.jpg,774,434,Clipper,426,237,645,406
v02_023350.jpg,774,434,Grasper,71,124,235,231
v02_026200.jpg,774,434,Clipper,314,167,460,304
v10_062300.jpg,578,324,SpecimenBag,142,193,296,310
v02_045200.jpg,774,434,Irrigator,339,330,468,425
v03_056600.jpg,716,402,Scissors,347,84,548,217
v03_046375.jpg,716,402,Clipper,417,89,638,205
v07_030275.jpg,586,328,SpecimenBag,172,9,335,101
v07_030275.jpg,586,328,Grasper,284,85,469,155
v01_056925.jpg,596,334,SpecimenBag,216,215,389,328
v03_047725.jpg,716,402,Clipper,427,311,606,404
v02_019225.jpg,774,434,Bipolar,368,150,740,343
v04_013850.jpg,612,344,Clipper,256,5,535,222
v08_030200.jpg,706,396,Bipolar,363,192,470,252
v05_058975.jpg,846,476,SpecimenBag,207,9,632,409
v05_058975.jpg,846,476,Grasper,222,194,444,315
v08_034700.jpg,706,396,Bipolar,334,72,445,200
v08_034700.jpg,706,396,Grasper,110,55,314,169
v08_020775.jpg,706,396,Bipolar,378,0,528,148
v10_032325.jpg,578,324,Clipper,326,72,462,163
v03_087475.jpg,716,402,Hook,288,5,477,163
v01_028425.jpg,596,334,Grasper,107,56,277,145
v01_028425.jpg,596,334,Grasper,282,3,407,83
v01_028425.jpg,596,334,Scissors,239,202,329,261
v08_019725.jpg,706,396,Irrigator,382,27,529,141
v09_047225.jpg,810,454,SpecimenBag,721,231,789,375
v04_015400.jpg,612,344,Grasper,278,5,432,83
v04_015400.jpg,612,344,Scissors,374,108,537,193
v02_025325.jpg,774,434,Clipper,354,168,618,351
v10_016250.jpg,578,324,Irrigator,246,200,350,312
v01_027925.jpg,596,334,Scissors,269,173,360,255
v01_027925.jpg,596,334,Grasper,129,44,266,120
v01_027925.jpg,596,334,Grasper,288,11,388,81
v08_038700.jpg,706,396,Irrigator,285,277,406,373
v05_032400.jpg,846,476,Scissors,252,155,593,464
v06_057725.jpg,584,328,Irrigator,320,116,469,213
v06_057725.jpg,584,328,Grasper,239,87,383,181
v03_050675.jpg,716,402,Clipper,396,48,604,191
v03_050675.jpg,716,402,Grasper,46,229,239,347
v06_034725.jpg,584,328,Grasper,84,59,314,151
v06_034725.jpg,584,328,Scissors,320,128,482,213
v07_032700.jpg,586,328,Bipolar,213,42,384,122
v01_037075.jpg,596,334,Grasper,204,85,271,143
v08_006375.jpg,706,396,Bipolar,396,150,580,258
v01_028800.jpg,596,334,Grasper,248,2,410,78
v06_048375.jpg,584,328,Grasper,111,97,315,160
v08_022200.jpg,706,396,Irrigator,443,107,559,194
v08_022200.jpg,706,396,Grasper,135,10,341,108
v08_013975.jpg,706,396,Scissors,381,24,555,183
v06_034900.jpg,584,328,Grasper,107,64,294,151
v06_034900.jpg,584,328,Scissors,311,127,444,201
v04_025700.jpg,612,344,Bipolar,250,186,314,263
v06_056175.jpg,584,328,Irrigator,284,23,401,148
v02_025125.jpg,774,434,Clipper,385,217,639,385
v08_016825.jpg,706,396,Grasper,43,224,307,388
v08_016825.jpg,706,396,Grasper,378,114,470,192
v07_032925.jpg,586,328,Bipolar,186,32,337,96
v01_028625.jpg,596,334,Scissors,257,195,367,272
v01_028625.jpg,596,334,Grasper,157,19,283,106
v01_028625.jpg,596,334,Grasper,290,8,388,74
v10_023000.jpg,578,324,Irrigator,296,92,451,199
v04_004725.jpg,612,344,Bipolar,254,12,414,147
v04_004725.jpg,612,344,Grasper,129,45,252,139
v10_018900.jpg,578,324,Irrigator,271,154,416,254
v06_072000.jpg,584,328,Bipolar,264,6,449,154
v06_072000.jpg,584,328,Grasper,155,42,314,156
v10_032125.jpg,578,324,Clipper,323,103,505,223
v09_046850.jpg,810,454,SpecimenBag,374,113,766,275
v09_046850.jpg,810,454,Grasper,629,235,803,309
v02_000825.jpg,774,434,Grasper,342,4,484,70
v10_033950.jpg,578,324,Scissors,332,47,458,148
v10_061025.jpg,578,324,SpecimenBag,228,189,419,318
v08_038925.jpg,706,396,Irrigator,300,270,446,348
v01_027700.jpg,596,334,Scissors,254,173,375,256
v01_027700.jpg,596,334,Grasper,139,28,282,127
v01_027700.jpg,596,334,Grasper,291,5,381,76
v07_033150.jpg,586,328,Bipolar,341,159,421,202
v08_013550.jpg,706,396,Scissors,253,9,425,165
v08_029800.jpg,706,396,Bipolar,381,49,529,191
v03_044400.jpg,716,402,Clipper,426,178,610,350
v03_044400.jpg,716,402,Grasper,134,6,375,187
v04_027275.jpg,612,344,SpecimenBag,267,137,596,332
v04_027275.jpg,612,344,Grasper,377,36,536,152
v04_027275.jpg,612,344,Grasper,11,25,199,133
v02_026000.jpg,774,434,Clipper,259,286,563,433
v03_047900.jpg,716,402,Clipper,307,279,590,400
v01_056700.jpg,596,334,SpecimenBag,239,159,450,300
v04_026625.jpg,612,344,Bipolar,253,171,340,274
v09_045550.jpg,810,454,SpecimenBag,395,14,772,291
v09_045550.jpg,810,454,Grasper,598,247,800,319
v06_038525.jpg,584,328,Bipolar,363,182,488,243
v06_038525.jpg,584,328,Grasper,109,198,336,264
v08_034925.jpg,706,396,Bipolar,355,106,521,207
v08_034925.jpg,706,396,Grasper,103,91,319,189
v03_049050.jpg,716,402,Clipper,318,240,631,397
v06_039175.jpg,584,328,Irrigator,401,113,484,182
v06_060000.jpg,584,328,Irrigator,365,92,479,199
v06_060000.jpg,584,328,Grasper,139,45,317,153
v08_024075.jpg,706,396,Irrigator,266,304,467,383
v08_020575.jpg,706,396,Bipolar,416,11,575,136
v09_045975.jpg,810,454,SpecimenBag,455,19,787,255
v09_045975.jpg,810,454,Grasper,213,7,524,234
v03_057050.jpg,716,402,Grasper,81,35,328,176
v06_033100.jpg,584,328,Clipper,256,158,382,268
v06_033100.jpg,584,328,Grasper,123,86,259,165
v02_019025.jpg,774,434,Bipolar,392,107,739,279
v07_031425.jpg,586,328,Irrigator,411,83,484,147
v08_015525.jpg,706,396,Scissors,326,32,495,183
v03_056400.jpg,716,402,Scissors,452,233,604,350
v03_006550.jpg,716,402,Hook,339,94,460,191
v10_018875.jpg,578,324,Irrigator,302,155,416,260
v04_004650.jpg,612,344,Bipolar,264,30,482,190
v04_004650.jpg,612,344,Grasper,109,122,312,222
v06_073525.jpg,584,328,Irrigator,294,65,393,135
v06_073525.jpg,584,328,Grasper,107,125,287,217
v09_034800.jpg,810,454,Hook,526,163,747,273
v02_000575.jpg,774,434,Grasper,113,151,406,224
v02_000575.jpg,774,434,Grasper,341,175,561,270
v02_000575.jpg,774,434,Grasper,337,325,677,432
v01_028750.jpg,596,334,Scissors,289,253,352,318
v01_028750.jpg,596,334,Grasper,114,66,210,125
v01_028750.jpg,596,334,Grasper,290,4,393,58
v08_019450.jpg,706,396,Irrigator,409,214,590,313
v07_032850.jpg,586,328,SpecimenBag,120,68,318,264
v06_056000.jpg,584,328,Irrigator,317,62,436,185
v06_043425.jpg,584,328,Bipolar,383,33,472,103
v01_055750.jpg,596,334,SpecimenBag,133,24,258,193
v01_055750.jpg,596,334,Grasper,346,102,422,153
v08_013800.jpg,706,396,Scissors,360,8,531,166
v07_019425.jpg,586,328,Scissors,265,69,431,251
v07_019800.jpg,586,328,Scissors,269,171,437,316
v03_044575.jpg,716,402,Clipper,366,54,598,201
v03_055450.jpg,716,402,Grasper,33,166,221,274
v03_055450.jpg,716,402,Grasper,246,11,388,65
v03_055450.jpg,716,402,Scissors,366,114,561,222
v01_027675.jpg,596,334,Grasper,118,38,281,128
v01_027675.jpg,596,334,Grasper,286,4,409,84
v01_027675.jpg,596,334,Scissors,259,195,391,259
v03_045125.jpg,716,402,Clipper,329,160,515,286
v03_045125.jpg,716,402,Grasper,186,6,435,149
v06_035000.jpg,584,328,Grasper,101,118,254,181
v03_112900.jpg,716,402,SpecimenBag,113,234,456,390
v03_112900.jpg,716,402,Grasper,497,114,626,198
v09_031575.jpg,810,454,Hook,488,1,780,193
v02_007150.jpg,774,434,Grasper,417,4,653,77
v03_110050.jpg,716,402,SpecimenBag,219,151,453,274
v03_110050.jpg,716,402,Grasper,235,212,345,271
v03_110050.jpg,716,402,Grasper,304,181,437,237
v09_037925.jpg,810,454,Hook,508,64,779,237
v09_023950.jpg,810,454,Hook,308,244,426,367
v03_059450.jpg,716,402,Hook,386,19,543,146
v01_056675.jpg,596,334,SpecimenBag,151,139,388,283
v03_053800.jpg,716,402,Scissors,344,14,577,167
v10_015000.jpg,578,324,Hook,354,76,497,168
v08_015450.jpg,706,396,Scissors,357,67,511,194
v03_056575.jpg,716,402,Scissors,353,81,533,217
v07_031550.jpg,586,328,Bipolar,109,129,368,267
v10_062075.jpg,578,324,SpecimenBag,130,87,319,241
v10_062075.jpg,578,324,Grasper,210,63,310,141
v05_056350.jpg,846,476,SpecimenBag,26,213,438,470
v03_053425.jpg,716,402,Scissors,379,17,568,145
v07_015425.jpg,586,328,Irrigator,223,96,376,221
v03_048950.jpg,716,402,Clipper,306,161,644,393
v06_029950.jpg,584,328,Hook,333,64,505,179
v10_023950.jpg,578,324,Clipper,265,28,378,131
v03_070575.jpg,716,402,Grasper,59,159,538,339
v08_018825.jpg,706,396,Irrigator,272,17,427,164
v07_028950.jpg,586,328,SpecimenBag,278,8,416,106
v07_028950.jpg,586,328,Grasper,282,24,369,86
v10_008525.jpg,578,324,Hook,341,58,502,176
v06_066925.jpg,584,328,SpecimenBag,249,74,460,263
v06_066925.jpg,584,328,Grasper,154,135,323,222
v06_066925.jpg,584,328,Grasper,333,158,428,231
v06_034050.jpg,584,328,Clipper,354,97,489,199
v06_034050.jpg,584,328,Grasper,108,132,279,213
v06_069425.jpg,584,328,Irrigator,358,203,460,270
v06_069425.jpg,584,328,Grasper,203,29,340,122
v02_020925.jpg,774,434,Hook,364,101,613,280
v10_007825.jpg,578,324,Hook,343,64,502,161
v07_033425.jpg,586,328,Bipolar,301,13,429,109
v03_044175.jpg,716,402,Clipper,461,273,594,388
v03_044175.jpg,716,402,Grasper,225,108,402,232
v03_050100.jpg,716,402,Clipper,402,72,661,227
v03_045525.jpg,716,402,Clipper,370,256,586,393
v03_045525.jpg,716,402,Grasper,117,19,429,235
v08_006400.jpg,706,396,Bipolar,411,148,577,261
v07_018475.jpg,586,328,Clipper,308,150,463,279
v07_018475.jpg,586,328,Grasper,187,11,460,98
v03_051975.jpg,716,402,Grasper,108,12,298,159
v03_051975.jpg,716,402,Scissors,321,222,490,337
v03_008800.jpg,716,402,Hook,289,161,435,279
v04_020325.jpg,612,344,Bipolar,167,34,301,199
v06_042475.jpg,584,328,Irrigator,339,116,461,188
v06_021850.jpg,584,328,Bipolar,339,109,482,229
v06_021850.jpg,584,328,Grasper,112,101,192,164
v06_056400.jpg,584,328,Irrigator,311,50,391,140
v06_056400.jpg,584,328,Grasper,105,126,268,216
v06_053550.jpg,584,328,Grasper,336,149,472,228
v04_021775.jpg,612,344,Grasper,214,15,335,107
v06_047525.jpg,584,328,Bipolar,310,106,449,205
v06_047525.jpg,584,328,Grasper,226,21,364,103
v02_024000.jpg,774,434,Clipper,577,49,756,181
v04_025275.jpg,612,344,Bipolar,202,81,340,221
v04_025275.jpg,612,344,Grasper,359,14,577,168
v06_043025.jpg,584,328,Bipolar,308,48,462,165
v07_033800.jpg,586,328,Bipolar,214,5,462,297
v06_076075.jpg,584,328,Bipolar,132,12,320,271
v04_004250.jpg,612,344,Grasper,304,7,435,58
v10_022125.jpg,578,324,Grasper,92,103,257,183
v02_001525.jpg,774,434,Grasper,272,296,439,358
v02_001525.jpg,774,434,Grasper,322,27,417,71
v01_028350.jpg,596,334,Grasper,108,45,284,138
v01_028350.jpg,596,334,Grasper,285,6,414,92
v01_028350.jpg,596,334,Scissors,218,189,333,265
v08_021450.jpg,706,396,Irrigator,353,56,520,184
v06_071875.jpg,584,328,Bipolar,234,143,413,243
v06_071875.jpg,584,328,Grasper,175,29,368,129
v06_065800.jpg,584,328,SpecimenBag,273,112,441,240
v10_034800.jpg,578,324,Scissors,320,5,414,66
v05_062350.jpg,846,476,SpecimenBag,15,178,216,422
v05_062350.jpg,846,476,Grasper,509,19,797,191
v05_062350.jpg,846,476,Grasper,16,17,293,192
v03_052475.jpg,716,402,Scissors,393,32,612,214
v02_026950.jpg,774,434,Scissors,224,280,339,422
v02_045575.jpg,774,434,SpecimenBag,329,36,711,294
v02_044125.jpg,774,434,Bipolar,244,29,560,208
v09_013075.jpg,810,454,Clipper,538,5,808,197
v02_023800.jpg,774,434,Clipper,437,201,749,355
v05_056750.jpg,846,476,SpecimenBag,78,28,636,462
v08_014400.jpg,706,396,Clipper,340,70,523,202
v02_023425.jpg,774,434,Clipper,351,233,534,387
v02_023425.jpg,774,434,Grasper,72,137,256,253
v02_040800.jpg,774,434,SpecimenBag,551,136,723,389
v02_040800.jpg,774,434,Grasper,464,155,569,235
v03_046825.jpg,716,402,Clipper,461,147,623,282
v03_046825.jpg,716,402,Grasper,347,5,467,88
v03_052850.jpg,716,402,Grasper,119,4,422,136
v03_052850.jpg,716,402,Scissors,438,308,612,394
v04_023200.jpg,612,344,Grasper,14,211,188,265
v04_023200.jpg,612,344,Grasper,269,27,447,158
v03_114150.jpg,716,402,SpecimenBag,327,121,470,346
v06_039400.jpg,584,328,Irrigator,334,32,434,140
v06_070000.jpg,584,328,Irrigator,314,130,420,210
v06_070000.jpg,584,328,Grasper,143,61,324,137
v10_021000.jpg,578,324,Irrigator,285,180,368,254
v10_021000.jpg,578,324,Grasper,101,159,253,226
v10_061425.jpg,578,324,SpecimenBag,346,26,476,171
v10_061425.jpg,578,324,Grasper,290,82,449,171
v02_025900.jpg,774,434,Clipper,416,97,751,428
v06_056950.jpg,584,328,Irrigator,299,75,404,150
v06_056950.jpg,584,328,Grasper,208,56,350,113
v03_055125.jpg,716,402,Scissors,306,119,530,256
v08_016000.jpg,706,396,Bipolar,269,112,588,289
v08_016000.jpg,706,396,Grasper,284,20,459,147
v03_054575.jpg,716,402,Grasper,50,110,222,245
v03_054575.jpg,716,402,Scissors,433,132,652,251
v07_033550.jpg,586,328,Bipolar,162,10,445,202
v08_013150.jpg,706,396,Clipper,396,59,595,216
v03_044000.jpg,716,402,Clipper,450,258,591,386
v03_044000.jpg,716,402,Grasper,138,86,344,229
v10_064575.jpg,578,324,Irrigator,283,23,395,147
v08_018950.jpg,706,396,Irrigator,342,102,538,219
v03_070400.jpg,716,402,Grasper,110,2,433,159
v08_023050.jpg,706,396,Grasper,284,29,457,215
v03_113825.jpg,716,402,SpecimenBag,229,94,503,367
v01_028225.jpg,596,334,Scissors,252,188,336,273
v01_028225.jpg,596,334,Grasper,130,41,272,132
v01_028225.jpg,596,334,Grasper,280,8,386,81
v10_033175.jpg,578,324,Clipper,335,117,470,188
v03_107475.jpg,716,402,SpecimenBag,341,113,502,313
v03_107475.jpg,716,402,Grasper,241,138,337,239
v03_112050.jpg,716,402,SpecimenBag,84,206,407,388
v10_026550.jpg,578,324,Irrigator,377,261,451,309
v01_029675.jpg,596,334,Grasper,141,38,319,127
v01_029675.jpg,596,334,Grasper,223,6,310,77
v05_032200.jpg,846,476,Scissors,275,146,672,462
v08_039550.jpg,706,396,Irrigator,213,302,373,390
v10_064950.jpg,578,324,SpecimenBag,110,156,288,275
v10_064950.jpg,578,324,Grasper,219,7,333,68
v06_043150.jpg,584,328,Bipolar,297,60,469,181
v04_020250.jpg,612,344,Bipolar,248,69,417,245
v06_056575.jpg,584,328,Irrigator,300,65,422,158
v06_056575.jpg,584,328,Grasper,109,189,253,283
v08_006950.jpg,706,396,Bipolar,410,121,569,226
v07_018500.jpg,586,328,Clipper,340,147,472,270
v07_018500.jpg,586,328,Grasper,183,8,459,108
v05_023325.jpg,846,476,Hook,310,79,643,348
v03_036125.jpg,716,402,Hook,331,92,653,326
v03_057450.jpg,716,402,Hook,264,166,380,253
v05_056625.jpg,846,476,SpecimenBag,68,18,547,469
v02_044050.jpg,774,434,Bipolar,337,5,519,64
v02_044050.jpg,774,434,Grasper,456,7,714,120
v02_032850.jpg,774,434,Hook,408,221,518,309
v06_022425.jpg,584,328,Grasper,101,123,177,165
v06_022425.jpg,584,328,Bipolar,342,153,494,226
v09_016050.jpg,810,454,Grasper,275,5,494,87
v03_046575.jpg,716,402,Clipper,398,136,609,251
v03_025950.jpg,716,402,Hook,281,171,456,324
v03_052500.jpg,716,402,Scissors,404,127,628,278
v02_016925.jpg,774,434,Hook,579,97,759,217
v04_029300.jpg,612,344,SpecimenBag,133,134,406,294
v08_021525.jpg,706,396,Irrigator,341,22,474,158
v04_012625.jpg,612,344,Hook,224,137,293,222
v02_007425.jpg,774,434,Irrigator,437,8,688,145
v04_027675.jpg,612,344,SpecimenBag,142,13,534,310
v04_027675.jpg,612,344,Grasper,83,110,257,197
v03_052925.jpg,716,402,Scissors,564,154,628,297
v02_019800.jpg,774,434,Irrigator,427,9,682,163
v06_033925.jpg,584,328,Clipper,299,65,472,218
v06_033925.jpg,584,328,Grasper,241,8,337,91
v09_029075.jpg,810,454,Hook,400,193,537,290
v07_015350.jpg,586,328,Irrigator,227,121,373,258
v08_020375.jpg,706,396,Bipolar,322,5,478,148
v04_028550.jpg,612,344,SpecimenBag,194,21,370,224
v04_028550.jpg,612,344,Grasper,161,144,306,227
v02_029725.jpg,774,434,Hook,255,63,367,174
v02_045600.jpg,774,434,SpecimenBag,344,153,686,411
v04_019000.jpg,612,344,Hook,367,127,462,195
v08_015325.jpg,706,396,Grasper,154,6,369,80
v08_015325.jpg,706,396,Scissors,351,110,444,187
v07_024600.jpg,586,328,Hook,361,113,478,193
v03_053350.jpg,716,402,Scissors,401,44,593,145
v02_019625.jpg,774,434,Irrigator,351,168,648,309
v05_031125.jpg,846,476,Clipper,299,228,553,444
v02_023750.jpg,774,434,Clipper,580,124,760,294
v06_055650.jpg,584,328,Grasper,404,97,499,207
v05_058150.jpg,846,476,SpecimenBag,66,17,697,408
v10_034750.jpg,578,324,Scissors,265,6,403,90
v10_030250.jpg,578,324,Hook,297,98,489,209
v06_038325.jpg,584,328,Bipolar,390,133,496,222
v06_038325.jpg,584,328,Grasper,138,82,386,198
v04_014875.jpg,612,344,Clipper,290,123,473,247
v05_051000.jpg,846,476,Hook,313,124,505,261
v09_014725.jpg,810,454,Hook,426,111,502,207
v06_069750.jpg,584,328,Irrigator,300,176,399,252
v06_069750.jpg,584,328,Grasper,167,61,326,146
v10_064775.jpg,578,324,SpecimenBag,196,150,438,309
v02_043675.jpg,774,434,Grasper,397,4,713,139
v03_088150.jpg,716,402,Hook,370,134,564,240
v08_006775.jpg,706,396,Bipolar,470,174,609,269
v01_054850.jpg,596,334,SpecimenBag,157,164,303,260
v01_054850.jpg,596,334,Grasper,245,185,318,235
v01_054850.jpg,596,334,Grasper,338,239,437,301
v07_018700.jpg,586,328,Clipper,334,139,480,254
v07_018700.jpg,586,328,Grasper,201,9,415,88
v05_018825.jpg,846,476,Hook,328,237,703,419
v06_043350.jpg,584,328,Bipolar,298,176,475,269
v09_046275.jpg,810,454,SpecimenBag,397,14,793,267
v09_046275.jpg,810,454,Grasper,537,268,770,377
v03_112250.jpg,716,402,SpecimenBag,84,39,419,292
v03_112250.jpg,716,402,Grasper,437,226,629,320
v04_014450.jpg,612,344,Clipper,225,3,433,155
v06_066675.jpg,584,328,SpecimenBag,134,62,390,229
v06_066675.jpg,584,328,Grasper,165,107,279,163
v06_066675.jpg,584,328,Grasper,215,212,304,286
v07_028600.jpg,586,328,SpecimenBag,254,20,458,149
v07_028600.jpg,586,328,Grasper,170,58,315,173
v08_018775.jpg,706,396,Irrigator,320,51,506,177
v01_028025.jpg,596,334,Scissors,280,184,392,268
v01_028025.jpg,596,334,Grasper,126,45,245,126
v01_028025.jpg,596,334,Grasper,276,6,382,79
v03_107675.jpg,716,402,SpecimenBag,333,173,571,372
v03_107675.jpg,716,402,Grasper,371,118,503,173
v03_107675.jpg,716,402,Grasper,505,291,606,344
v09_013275.jpg,810,454,Clipper,531,4,789,160
v06_033675.jpg,584,328,Clipper,264,77,447,239
v06_033675.jpg,584,328,Grasper,154,38,288,132
v05_056550.jpg,846,476,SpecimenBag,187,8,703,353
v07_031350.jpg,586,328,Irrigator,281,184,436,292
v08_034275.jpg,706,396,Bipolar,378,90,540,229
v08_034275.jpg,706,396,Grasper,132,15,329,136
v07_015225.jpg,586,328,Irrigator,299,131,466,273
v10_035275.jpg,578,324,Scissors,280,26,423,148
v10_025700.jpg,578,324,Clipper,280,95,414,177
v10_034625.jpg,578,324,Scissors,278,6,386,78
v03_090050.jpg,716,402,Hook,304,44,525,195
v05_020175.jpg,846,476,Hook,357,120,654,333
v02_023625.jpg,774,434,Clipper,427,233,676,407
v02_023625.jpg,774,434,Grasper,69,124,251,234
v03_055250.jpg,716,402,Grasper,47,134,191,210
v03_055250.jpg,716,402,Grasper,235,10,399,90
v03_055250.jpg,716,402,Scissors,326,114,575,256
v03_045725.jpg,716,402,Clipper,432,183,620,311
v03_045725.jpg,716,402,Grasper,164,8,396,109
v02_042350.jpg,774,434,SpecimenBag,479,12,691,173
v06_034250.jpg,584,328,Clipper,257,62,383,180
v06_034250.jpg,584,328,Grasper,114,116,236,195
v06_069625.jpg,584,328,Irrigator,221,123,362,207
v06_069625.jpg,584,328,Grasper,191,59,340,139
v10_064600.jpg,578,324,Irrigator,434,86,485,151
v10_064600.jpg,578,324,Grasper,291,27,431,163
v03_054600.jpg,716,402,Grasper,55,24,375,233
v03_054600.jpg,716,402,Scissors,424,124,651,244
v08_017725.jpg,706,396,Irrigator,293,176,421,248
v08_017725.jpg,706,396,Grasper,167,306,368,377
v08_036700.jpg,706,396,SpecimenBag,282,175,572,354
v08_036700.jpg,706,396,Grasper,354,182,473,284
v10_019600.jpg,578,324,Clipper,284,94,372,170
v03_113775.jpg,716,402,SpecimenBag,165,203,484,392
v01_028150.jpg,596,334,Scissors,234,194,322,270
v01_028150.jpg,596,334,Grasper,129,41,266,135
v01_028150.jpg,596,334,Grasper,285,11,388,91
v07_029325.jpg,586,328,SpecimenBag,301,8,425,74
v03_083400.jpg,716,402,Grasper,124,6,405,107
v08_018600.jpg,706,396,Irrigator,300,64,495,207
v06_072775.jpg,584,328,Irrigator,277,32,401,148
v06_047725.jpg,584,328,Bipolar,325,205,458,291
v06_047725.jpg,584,328,Grasper,196,23,364,110
v02_024200.jpg,774,434,Clipper,467,40,762,206
v06_043225.jpg,584,328,Bipolar,285,50,463,181
v05_032175.jpg,846,476,Scissors,245,190,626,466
v08_034400.jpg,706,396,Bipolar,238,122,370,224
v08_034400.jpg,706,396,Grasper,118,46,311,155
v03_000975.jpg,716,402,Grasper,79,125,340,274
v08_024175.jpg,706,396,Irrigator,275,253,504,362
v06_070850.jpg,584,328,Bipolar,315,12,400,112
v06_070850.jpg,584,328,Grasper,136,74,301,155
v10_030975.jpg,578,324,Hook,272,96,385,182
v02_028475.jpg,774,434,Hook,507,4,729,122
v03_111850.jpg,716,402,SpecimenBag,56,213,352,390
v08_021025.jpg,706,396,Bipolar,262,5,474,159
v03_053450.jpg,716,402,Scissors,398,10,574,128
v05_056325.jpg,846,476,Grasper,195,3,417,129
v05_056325.jpg,846,476,SpecimenBag,100,181,430,336
v03_043125.jpg,716,402,Grasper,365,6,551,164
v02_019125.jpg,774,434,Bipolar,429,112,759,277
v02_018575.jpg,774,434,Bipolar,582,78,757,239
v06_022125.jpg,584,328,Bipolar,324,107,483,225
v06_022125.jpg,584,328,Grasper,124,73,220,149
v02_008000.jpg,774,434,Irrigator,509,208,643,299
v02_008000.jpg,774,434,Grasper,519,9,683,120
v03_052000.jpg,716,402,Grasper,49,128,231,241
v03_052000.jpg,716,402,Scissors,297,155,494,267
v05_043700.jpg,846,476,Grasper,17,263,715,424
v03_056500.jpg,716,402,Scissors,340,152,522,299
v02_026100.jpg,774,434,Clipper,285,211,475,385
v04_027375.jpg,612,344,SpecimenBag,185,5,515,341
v04_027375.jpg,612,344,Grasper,14,19,184,131
v03_042950.jpg,716,402,Grasper,335,4,535,106
v01_052300.jpg,596,334,Grasper,304,29,467,104
v01_056600.jpg,596,334,SpecimenBag,95,116,303,302
v03_105400.jpg,716,402,Hook,359,60,586,185
v03_058075.jpg,716,402,Hook,429,21,629,161
v03_049150.jpg,716,402,Clipper,305,189,648,403
v06_039075.jpg,584,328,Irrigator,307,198,446,292
v03_100550.jpg,716,402,Grasper,329,11,494,91
v06_062850.jpg,584,328,Irrigator,333,128,463,260
v06_062850.jpg,584,328,Grasper,133,146,316,224
v10_022975.jpg,578,324,Irrigator,281,119,456,226
v10_045050.jpg,578,324,Hook,325,193,487,283
v06_048075.jpg,584,328,Bipolar,271,107,373,194
v06_048075.jpg,584,328,Grasper,100,172,243,229
v08_022100.jpg,706,396,Irrigator,294,134,436,224
v08_022100.jpg,706,396,Grasper,341,13,441,106
v08_036175.jpg,706,396,SpecimenBag,185,126,546,386
v08_036175.jpg,706,396,Grasper,399,131,569,218
v08_036175.jpg,706,396,Grasper,92,108,288,207
v03_051125.jpg,716,402,Clipper,299,101,526,275
v03_051125.jpg,716,402,Grasper,58,257,227,355
v03_018525.jpg,716,402,Hook,351,43,532,182
v03_019175.jpg,716,402,Hook,396,96,646,240
v08_013875.jpg,706,396,Scissors,327,14,507,156
v06_034800.jpg,584,328,Grasper,96,70,309,163
v06_034800.jpg,584,328,Scissors,315,127,436,208
v04_025600.jpg,612,344,Bipolar,211,179,285,260
v04_025600.jpg,612,344,Grasper,338,14,518,157
v02_034100.jpg,774,434,Hook,407,3,565,103
v06_052575.jpg,584,328,Grasper,396,124,497,202
v08_038400.jpg,706,396,Grasper,89,40,430,230
v03_007175.jpg,716,402,Hook,328,89,530,221
v01_028725.jpg,596,334,Grasper,110,60,239,132
v01_028725.jpg,596,334,Grasper,283,7,407,74
v01_028725.jpg,596,334,Scissors,299,235,443,326
v04_015700.jpg,612,344,Scissors,360,73,504,178
v09_046575.jpg,810,454,SpecimenBag,435,47,735,279
v09_046575.jpg,810,454,Grasper,571,237,779,344
v02_048550.jpg,774,434,SpecimenBag,616,198,762,305
v08_018075.jpg,706,396,Irrigator,392,94,565,199
v08_015550.jpg,706,396,Scissors,345,36,529,193
v02_045075.jpg,774,434,Irrigator,409,286,522,385
v02_045075.jpg,774,434,Grasper,485,287,713,356
v01_004225.jpg,596,334,Grasper,344,7,432,100
v08_035125.jpg,706,396,Bipolar,371,52,509,156
v08_035125.jpg,706,396,Grasper,110,79,299,177
v08_031425.jpg,706,396,Hook,313,178,381,227
v03_048850.jpg,716,402,Clipper,306,186,636,396
v09_045900.jpg,810,454,SpecimenBag,408,16,782,264
v09_045900.jpg,810,454,Grasper,653,145,792,225
v09_045900.jpg,810,454,Grasper,334,20,629,286
v02_012850.jpg,774,434,Irrigator,408,136,697,252
v06_038975.jpg,584,328,Irrigator,391,84,481,196
v06_016450.jpg,584,328,Grasper,109,184,257,256
v03_111925.jpg,716,402,SpecimenBag,87,223,338,392
v03_000800.jpg,716,402,Grasper,205,133,381,241
v03_000800.jpg,716,402,Grasper,265,6,377,71
v08_024000.jpg,706,396,Irrigator,275,252,534,362
v10_024450.jpg,578,324,Clipper,284,135,386,195
v06_070500.jpg,584,328,Bipolar,231,136,308,213
v06_070500.jpg,584,328,Grasper,177,77,329,141
v10_034125.jpg,578,324,Scissors,316,21,460,144
v03_080225.jpg,716,402,Hook,266,8,396,115
v03_010150.jpg,716,402,Hook,284,183,456,326
v07_015900.jpg,586,328,Grasper,180,6,331,43
v05_059375.jpg,846,476,SpecimenBag,156,15,728,445
v05_059375.jpg,846,476,Grasper,416,137,577,229
v05_059375.jpg,846,476,Grasper,506,183,780,273
v04_003375.jpg,612,344,Grasper,306,59,377,97
v02_012475.jpg,774,434,Irrigator,420,90,636,186
v02_012475.jpg,774,434,Grasper,125,8,479,88
v04_013600.jpg,612,344,Clipper,261,204,528,340
v10_021500.jpg,578,324,Clipper,317,73,481,189
v10_021500.jpg,578,324,Grasper,103,131,248,199
v04_026650.jpg,612,344,Bipolar,258,190,347,279
v09_013950.jpg,810,454,Scissors,358,27,511,214
v06_037850.jpg,584,328,Grasper,101,145,329,245
v06_037850.jpg,584,328,Grasper,279,235,487,326
v09_007925.jpg,810,454,Hook,234,17,353,161
v03_024550.jpg,716,402,Hook,467,20,618,119
v07_020950.jpg,586,328,Grasper,113,85,379,155
v01_056775.jpg,596,334,SpecimenBag,248,218,423,323
v03_069450.jpg,716,402,Hook,403,1,592,121
v06_034550.jpg,584,328,Grasper,127,22,351,133
v06_034550.jpg,584,328,Scissors,342,105,506,204
v08_029875.jpg,706,396,Bipolar,388,110,519,201
v08_013525.jpg,706,396,Scissors,308,7,431,123
v03_050400.jpg,716,402,Clipper,378,97,640,257
v03_045025.jpg,716,402,Clipper,361,139,534,239
v03_045025.jpg,716,402,Grasper,280,13,458,121
v08_016475.jpg,706,396,Bipolar,401,9,548,116
v08_016475.jpg,706,396,Grasper,82,79,460,265
v06_046850.jpg,584,328,Grasper,191,23,397,198
v10_061050.jpg,578,324,SpecimenBag,264,229,391,318
v08_040800.jpg,706,396,Grasper,48,166,372,307
v01_002250.jpg,596,334,Grasper,155,151,210,174
v01_002250.jpg,596,334,Grasper,423,154,487,287
v05_028375.jpg,846,476,Hook,297,196,689,476
v10_022800.jpg,578,324,Irrigator,289,124,461,224
v02_011975.jpg,774,434,Irrigator,371,344,570,427
v06_048100.jpg,584,328,Bipolar,272,96,414,218
v06_048100.jpg,584,328,Grasper,97,161,259,224
v06_066000.jpg,584,328,SpecimenBag,304,112,450,298
v06_066000.jpg,584,328,Grasper,253,64,324,119
v02_015050.jpg,774,434,Hook,325,251,434,326
v03_112425.jpg,716,402,SpecimenBag,75,76,279,354
v03_112425.jpg,716,402,Grasper,260,230,433,342
v03_112425.jpg,716,402,Grasper,367,207,473,284
v06_015950.jpg,584,328,Bipolar,316,188,475,295
v06_015950.jpg,584,328,Grasper,103,177,283,260
v04_004750.jpg,612,344,Bipolar,282,14,427,153
v04_004750.jpg,612,344,Grasper,139,36,298,137
v06_076575.jpg,584,328,SpecimenBag,149,113,261,210
v06_076575.jpg,584,328,Grasper,154,62,298,142
v04_015675.jpg,612,344,Scissors,359,57,499,164
v10_023075.jpg,578,324,Irrigator,314,44,435,158
v08_019550.jpg,706,396,Irrigator,395,7,526,83
v05_002775.jpg,846,476,Grasper,162,115,490,285
v01_028650.jpg,596,334,Grasper,142,18,298,119
v01_028650.jpg,596,334,Grasper,298,6,408,82
v01_028650.jpg,596,334,Scissors,242,189,338,246
v07_032950.jpg,586,328,Bipolar,181,50,292,92
v06_057550.jpg,584,328,Irrigator,262,202,375,315
v06_057550.jpg,584,328,Grasper,166,128,314,198
v06_043525.jpg,584,328,Bipolar,285,29,444,169
v03_109950.jpg,716,402,SpecimenBag,259,121,468,289
v03_109950.jpg,716,402,Grasper,180,132,319,223
v08_039125.jpg,706,396,Irrigator,381,179,555,252
v08_013900.jpg,706,396,Scissors,306,9,505,152
v07_019525.jpg,586,328,Scissors,227,132,432,295
v04_004975.jpg,612,344,Bipolar,266,27,393,163
v06_015775.jpg,584,328,Bipolar,344,88,473,198
v06_015775.jpg,584,328,Grasper,107,133,277,219
v04_015850.jpg,612,344,Scissors,375,111,513,219
v07_017250.jpg,586,328,Hook,289,103,465,259
v03_045225.jpg,716,402,Clipper,365,203,553,313
v03_045225.jpg,716,402,Grasper,163,16,491,191
v08_006300.jpg,706,396,Bipolar,417,94,604,229
v01_027575.jpg,596,334,Scissors,226,185,349,291
v01_027575.jpg,596,334,Grasper,99,93,196,152
v01_027575.jpg,596,334,Grasper,279,6,389,73
v03_108325.jpg,716,402,SpecimenBag,311,156,586,334
v03_108325.jpg,716,402,Grasper,391,159,558,242
v03_108325.jpg,716,402,Grasper,367,231,516,319
v06_034750.jpg,584,328,Grasper,103,70,303,159
v06_034750.jpg,584,328,Scissors,315,118,470,204
v04_025950.jpg,612,344,Bipolar,217,125,298,238
v04_025950.jpg,612,344,Grasper,295,12,494,143
v03_044675.jpg,716,402,Clipper,362,71,600,204
v05_032850.jpg,846,476,Hook,310,3,481,123
v08_013725.jpg,706,396,Scissors,397,5,534,153
v03_050600.jpg,716,402,Clipper,358,71,610,243
v07_033325.jpg,586,328,Bipolar,168,165,388,328
v08_017225.jpg,706,396,Grasper,55,121,297,228
v07_009250.jpg,586,328,Grasper,127,54,341,121
v01_027950.jpg,596,334,Scissors,276,187,344,249
v01_027950.jpg,596,334,Grasper,130,43,267,135
v01_027950.jpg,596,334,Grasper,284,7,379,78
v04_020425.jpg,612,344,Bipolar,281,52,405,180
v03_107200.jpg,716,402,SpecimenBag,238,147,496,345
v03_107200.jpg,716,402,Grasper,180,143,279,233
v04_015475.jpg,612,344,Grasper,254,6,407,84
v04_015475.jpg,612,344,Scissors,370,99,539,190
v04_005100.jpg,612,344,Bipolar,256,177,405,278
v08_019750.jpg,706,396,Irrigator,424,60,563,173
v01_028450.jpg,596,334,Scissors,262,174,379,272
v01_028450.jpg,596,334,Grasper,132,33,279,116
v01_028450.jpg,596,334,Grasper,301,6,389,81
v03_093475.jpg,716,402,Grasper,395,3,526,60
v10_022625.jpg,578,324,Irrigator,337,74,463,158
v04_016975.jpg,612,344,Hook,251,138,347,203
v08_034775.jpg,706,396,Bipolar,328,132,450,225
v08_034775.jpg,706,396,Grasper,116,62,315,174
v08_024200.jpg,706,396,Irrigator,256,284,489,372
v08_030275.jpg,706,396,Bipolar,347,239,448,295
v08_021350.jpg,706,396,Irrigator,466,109,585,191
v07_001750.jpg,586,328,Grasper,103,106,256,175
v02_019250.jpg,774,434,Bipolar,369,91,735,285
v09_013775.jpg,810,454,Scissors,423,164,556,282
v08_014300.jpg,706,396,Clipper,339,85,618,292
v05_034825.jpg,846,476,Hook,463,209,770,399
v07_031650.jpg,586,328,Bipolar,116,99,348,219
v02_045275.jpg,774,434,Irrigator,316,244,505,401
v01_057125.jpg,596,334,SpecimenBag,91,113,295,261
v10_059650.jpg,578,324,Hook,236,115,314,168
v01_056575.jpg,596,334,SpecimenBag,89,103,195,238
v06_071350.jpg,584,328,Bipolar,224,127,346,220
v06_071350.jpg,584,328,Grasper,157,34,338,128
v02_012675.jpg,774,434,Irrigator,378,282,613,391
v06_064775.jpg,584,328,Grasper,131,36,238,92
v06_064775.jpg,584,328,Grasper,251,34,471,228
v09_044375.jpg,810,454,SpecimenBag,81,90,310,439
v09_044375.jpg,810,454,Grasper,432,56,613,294
v09_044375.jpg,810,454,Grasper,574,119,795,258
v03_000625.jpg,716,402,Grasper,116,214,409,330
v03_014650.jpg,716,402,Hook,259,267,390,383
v01_055900.jpg,596,334,SpecimenBag,137,34,235,182
v01_055900.jpg,596,334,Grasper,360,86,440,152
v08_013650.jpg,706,396,Scissors,338,13,523,146
v03_054275.jpg,716,402,Scissors,385,7,566,125
v10_064275.jpg,578,324,Irrigator,416,42,480,96
v06_069250.jpg,584,328,Irrigator,250,115,394,212
v06_069250.jpg,584,328,Grasper,206,11,374,81
v06_034625.jpg,584,328,Grasper,119,22,360,137
v06_034625.jpg,584,328,Scissors,298,116,495,226
v08_006275.jpg,706,396,Bipolar,483,179,619,275
v06_015600.jpg,584,328,Bipolar,362,89,489,205
v06_015600.jpg,584,328,Grasper,108,144,285,216
v10_051225.jpg,578,324,Hook,293,34,392,107
v08_036375.jpg,706,396,SpecimenBag,107,155,452,376
v08_036375.jpg,706,396,Grasper,63,268,210,356
v10_026250.jpg,578,324,Irrigator,296,126,445,222
v03_112750.jpg,716,402,SpecimenBag,66,279,408,391
v03_112750.jpg,716,402,Grasper,73,97,589,349
v10_022750.jpg,578,324,Irrigator,275,56,457,177
v08_019625.jpg,706,396,Irrigator,342,7,518,139
v01_028525.jpg,596,334,Scissors,306,201,432,299
v01_028525.jpg,596,334,Grasper,149,20,296,110
v01_028525.jpg,596,334,Grasper,299,3,399,81
v06_073750.jpg,584,328,Irrigator,342,164,470,233
v10_016350.jpg,578,324,Irrigator,242,207,377,305
v08_038600.jpg,706,396,Irrigator,265,339,390,389
v08_029725.jpg,706,396,Bipolar,382,86,521,186
v04_025400.jpg,612,344,Bipolar,197,125,270,228
v04_025400.jpg,612,344,Grasper,324,17,523,159
v02_018775.jpg,774,434,Grasper,360,142,729,318
v02_018775.jpg,774,434,Grasper,504,311,694,396
v03_046275.jpg,716,402,Clipper,379,103,608,226
v08_015625.jpg,706,396,Scissors,317,18,468,184
v01_056825.jpg,596,334,SpecimenBag,233,228,410,326
v05_056125.jpg,846,476,SpecimenBag,195,10,541,318
v08_035250.jpg,706,396,Bipolar,265,61,429,191
v08_035250.jpg,706,396,Grasper,74,90,288,183
v07_015650.jpg,586,328,Irrigator,196,94,356,244
v08_020675.jpg,706,396,Bipolar,325,6,528,162
v08_030300.jpg,706,396,Bipolar,367,254,477,312
v06_071225.jpg,584,328,Bipolar,258,72,358,183
v06_071225.jpg,584,328,Grasper,168,59,338,145
v02_012700.jpg,774,434,Irrigator,354,261,593,398
v05_049575.jpg,846,476,Hook,354,144,544,262
v03_048700.jpg,716,402,Clipper,365,134,655,291
v05_059000.jpg,846,476,SpecimenBag,139,14,570,401
v05_059000.jpg,846,476,Grasper,232,161,464,277
v10_049250.jpg,578,324,Hook,318,168,404,222
v10_058375.jpg,578,324,Hook,243,56,324,139
v01_057050.jpg,596,334,SpecimenBag,108,132,366,277
v04_020150.jpg,612,344,Bipolar,258,8,481,188
v07_018600.jpg,586,328,Clipper,303,122,471,264
v07_018600.jpg,586,328,Grasper,189,7,440,62
v06_043250.jpg,584,328,Bipolar,314,64,473,173
v06_072700.jpg,584,328,Irrigator,285,246,386,321
v04_014550.jpg,612,344,Clipper,268,151,471,311
v10_033275.jpg,578,324,Clipper,342,114,491,199
v03_113700.jpg,716,402,SpecimenBag,208,91,664,390
v05_061000.jpg,846,476,SpecimenBag,71,41,649,463
v05_061000.jpg,846,476,Grasper,395,131,760,226
v10_018225.jpg,578,324,Hook,292,1,392,97
v04_014975.jpg,612,344,Clipper,251,163,363,236
v08_017750.jpg,706,396,Irrigator,381,214,591,304
v03_054675.jpg,716,402,Scissors,404,231,580,355
v06_068200.jpg,584,328,SpecimenBag,168,68,453,268
v10_061725.jpg,578,324,SpecimenBag,139,56,339,191
v10_061725.jpg,578,324,Grasper,192,127,323,197
v10_061725.jpg,578,324,Grasper,215,71,278,146
v03_055225.jpg,716,402,Grasper,43,135,211,224
v03_055225.jpg,716,402,Grasper,236,4,411,84
v03_055225.jpg,716,402,Scissors,295,135,582,288
v05_035525.jpg,846,476,Hook,544,246,837,472
v05_031025.jpg,846,476,Clipper,415,19,589,136
v05_031025.jpg,846,476,Grasper,75,39,308,156
v02_023650.jpg,774,434,Clipper,400,222,609,368
v02_023650.jpg,774,434,Grasper,65,144,243,251
v04_027575.jpg,612,344,SpecimenBag,87,76,592,335
v04_027575.jpg,612,344,Grasper,255,20,526,167
v02_026700.jpg,774,434,Scissors,418,232,667,421
v06_055750.jpg,584,328,Irrigator,311,21,416,145
v10_048200.jpg,578,324,Hook,315,159,402,219
v01_053150.jpg,596,334,Grasper,349,98,487,153
v05_058050.jpg,846,476,SpecimenBag,165,241,406,456
v05_058050.jpg,846,476,Grasper,487,158,841,359
v09_044600.jpg,810,454,SpecimenBag,259,89,573,413
v06_071625.jpg,584,328,Bipolar,381,102,483,177
v06_071625.jpg,584,328,Grasper,192,120,431,222
v10_021275.jpg,578,324,Grasper,100,180,190,228
v06_038225.jpg,584,328,Bipolar,364,118,489,204
v06_038225.jpg,584,328,Grasper,143,51,372,172
v02_038700.jpg,774,434,Grasper,375,33,451,159
v02_038700.jpg,774,434,Grasper,284,140,545,271
v07_015250.jpg,586,328,Irrigator,312,41,453,193
v07_001225.jpg,586,328,Grasper,154,48,286,161
v08_034200.jpg,706,396,Bipolar,389,253,573,357
v08_034200.jpg,706,396,Grasper,141,13,325,120
v03_052600.jpg,716,402,Grasper,54,144,373,394
v03_052600.jpg,716,402,Scissors,502,290,639,397
v05_056525.jpg,846,476,SpecimenBag,85,7,619,460
v02_019725.jpg,774,434,Irrigator,361,285,619,423
v03_113675.jpg,716,402,SpecimenBag,121,120,603,372
v06_067250.jpg,584,328,SpecimenBag,171,132,351,261
v06_067250.jpg,584,328,Grasper,248,129,338,178
v04_015075.jpg,612,344,Clipper,400,144,523,215
v05_060900.jpg,846,476,SpecimenBag,64,23,652,448
v05_060900.jpg,846,476,Grasper,278,194,694,328
v05_060900.jpg,846,476,Grasper,197,157,573,298
v10_026725.jpg,578,324,Irrigator,338,201,434,291
v09_046200.jpg,810,454,SpecimenBag,364,14,791,277
v09_046200.jpg,810,454,Grasper,381,183,512,311
v09_046200.jpg,810,454,Grasper,520,256,778,365
v06_043325.jpg,584,328,Bipolar,290,138,455,221
v05_032075.jpg,846,476,Scissors,272,225,570,469
v08_006700.jpg,706,396,Bipolar,399,173,544,255
v03_055350.jpg,716,402,Grasper,39,203,175,278
v03_055350.jpg,716,402,Grasper,222,7,434,93
v03_055350.jpg,716,402,Scissors,336,128,513,252
v02_042250.jpg,774,434,SpecimenBag,419,7,697,73
v10_064700.jpg,578,324,SpecimenBag,160,137,401,307
v03_050200.jpg,716,402,Clipper,419,75,654,225
v05_041500.jpg,846,476,Hook,400,210,842,468
v08_017625.jpg,706,396,Irrigator,310,148,508,232
v08_022675.jpg,706,396,Irrigator,341,241,503,306
v05_004100.jpg,846,476,Grasper,9,126,439,252
v03_058700.jpg,716,402,Hook,379,19,544,144
v03_001675.jpg,716,402,Grasper,291,145,427,250
v03_001675.jpg,716,402,Grasper,257,31,368,99
v10_031675.jpg,578,324,Clipper,360,15,475,131
v09_045325.jpg,810,454,SpecimenBag,370,24,707,296
v09_045325.jpg,810,454,Grasper,275,21,476,208
v09_045325.jpg,810,454,Grasper,590,9,759,81
v09_045325.jpg,810,454,Grasper,547,214,740,315
v10_024250.jpg,578,324,Clipper,311,165,443,231
v02_026675.jpg,774,434,Scissors,390,284,633,424
v06_051325.jpg,584,328,Irrigator,145,45,228,133
v06_051325.jpg,584,328,Grasper,346,76,477,177
v10_000325.jpg,578,324,Grasper,190,99,344,149
v10_000325.jpg,578,324,Grasper,223,5,319,61
v02_019650.jpg,774,434,Irrigator,330,146,600,367
v02_044225.jpg,774,434,Bipolar,245,55,472,200
v06_037275.jpg,584,328,Grasper,101,191,349,321
v06_037275.jpg,584,328,Grasper,382,80,501,182
v03_053325.jpg,716,402,Scissors,375,59,605,191
v03_043650.jpg,716,402,Grasper,146,183,295,245
v08_014700.jpg,706,396,Clipper,300,5,461,130
v03_056275.jpg,716,402,Grasper,91,3,303,104
v03_056275.jpg,716,402,Scissors,322,9,589,160
v09_012725.jpg,810,454,Clipper,380,115,550,263
v08_020300.jpg,706,396,Bipolar,386,4,545,121
v08_035725.jpg,706,396,SpecimenBag,308,11,582,318
v08_021750.jpg,706,396,Irrigator,294,219,545,318
v06_016250.jpg,584,328,Bipolar,315,61,469,195
v06_016250.jpg,584,328,Grasper,110,166,245,250
v02_027025.jpg,774,434,Scissors,277,228,501,424
v06_033950.jpg,584,328,Clipper,330,100,474,231
v06_033950.jpg,584,328,Grasper,186,6,349,123
v05_025325.jpg,846,476,Hook,313,144,458,292
v01_042300.jpg,596,334,Hook,315,175,440,232
v05_034200.jpg,846,476,Hook,291,136,492,343
v10_024050.jpg,578,324,Clipper,313,87,501,199
v04_016350.jpg,612,344,Hook,371,167,450,218
v06_039500.jpg,584,328,Irrigator,373,139,482,226
v07_014950.jpg,586,328,Irrigator,269,113,362,196
v07_014950.jpg,586,328,Grasper,118,81,273,152
v08_035900.jpg,706,396,SpecimenBag,102,104,565,377
v08_035900.jpg,706,396,Grasper,40,186,236,265
v05_059775.jpg,846,476,SpecimenBag,237,93,656,371
v05_059775.jpg,846,476,Grasper,537,169,742,257
v05_059775.jpg,846,476,Grasper,312,259,419,349
v05_059775.jpg,846,476,Grasper,315,9,510,125
v10_034900.jpg,578,324,Scissors,253,156,382,296
v09_044950.jpg,810,454,SpecimenBag,267,104,754,387
v09_044950.jpg,810,454,Grasper,194,66,351,200
v09_044950.jpg,810,454,Grasper,578,169,755,291
v09_044950.jpg,810,454,Grasper,406,294,647,408
v10_057525.jpg,578,324,Hook,228,6,346,119
v08_024400.jpg,706,396,Irrigator,229,315,408,385
v06_050950.jpg,584,328,Grasper,340,90,497,208
v09_013175.jpg,810,454,Clipper,447,93,672,253
v03_047150.jpg,716,402,Clipper,417,244,623,362
v08_014500.jpg,706,396,Clipper,351,55,520,179
v08_006925.jpg,706,396,Bipolar,437,132,607,239
v08_012950.jpg,706,396,Clipper,305,128,460,245
v10_038900.jpg,578,324,Hook,261,2,335,66
v02_024100.jpg,774,434,Clipper,496,89,682,191
v06_057150.jpg,584,328,Irrigator,301,64,386,151
v06_057150.jpg,584,328,Grasper,226,36,358,109
v08_039525.jpg,706,396,Irrigator,517,203,612,273
v05_032275.jpg,846,476,Scissors,265,251,528,463
v03_016525.jpg,716,402,Hook,270,133,402,240
v06_066400.jpg,584,328,SpecimenBag,221,95,445,287
v06_066400.jpg,584,328,Grasper,325,109,424,168
v10_023475.jpg,578,324,Irrigator,293,104,427,194
v07_029025.jpg,586,328,SpecimenBag,257,12,396,127
v07_029025.jpg,586,328,Grasper,188,13,326,94
v01_028250.jpg,596,334,Scissors,260,195,355,288
v01_028250.jpg,596,334,Grasper,134,44,282,127
v01_028250.jpg,596,334,Grasper,298,7,391,74
v10_019500.jpg,578,324,Clipper,310,118,468,208
v06_059425.jpg,584,328,Irrigator,308,75,423,166
v06_059425.jpg,584,328,Grasper,193,11,336,125
v03_113850.jpg,716,402,SpecimenBag,321,103,546,309
v10_050100.jpg,578,324,Hook,313,84,466,180
v08_018925.jpg,706,396,Irrigator,322,101,514,249
v08_022475.jpg,706,396,Irrigator,487,71,584,135
v06_047800.jpg,584,328,Bipolar,300,171,419,254
v06_047800.jpg,584,328,Grasper,194,4,355,72
v03_044075.jpg,716,402,Clipper,487,188,631,300
v03_044075.jpg,716,402,Grasper,202,94,382,238
v07_033525.jpg,586,328,Bipolar,103,138,273,218
v05_055775.jpg,846,476,SpecimenBag,65,182,667,464
v05_055775.jpg,846,476,Grasper,332,9,776,265
v03_054500.jpg,716,402,Scissors,317,173,588,371
v01_027375.jpg,596,334,Grasper,273,36,392,112
v10_065150.jpg,578,324,SpecimenBag,125,134,348,303
v06_042950.jpg,584,328,Grasper,107,81,314,156
v06_038025.jpg,584,328,Bipolar,373,137,489,223
v06_038025.jpg,584,328,Grasper,139,56,355,164
v03_048100.jpg,716,402,Clipper,323,195,635,366
v03_001500.jpg,716,402,Grasper,475,117,570,223
v03_049550.jpg,716,402,Clipper,411,97,642,267
v05_058250.jpg,846,476,SpecimenBag,155,21,732,359
v05_058250.jpg,846,476,Grasper,340,134,631,262
v06_039475.jpg,584,328,Irrigator,309,137,447,240
v09_027825.jpg,810,454,Hook,463,205,629,304
v09_012875.jpg,810,454,Clipper,412,160,543,267
v06_022900.jpg,584,328,Grasper,207,140,288,168
v04_026325.jpg,612,344,Bipolar,374,66,483,184
v04_026325.jpg,612,344,Grasper,371,20,481,80
v02_027150.jpg,774,434,Scissors,287,207,520,422
v06_033825.jpg,584,328,Clipper,330,38,497,182
v05_056725.jpg,846,476,SpecimenBag,88,27,663,458
v06_037100.jpg,584,328,Grasper,106,93,359,245
v06_037100.jpg,584,328,Grasper,362,101,503,203
v02_045500.jpg,774,434,SpecimenBag,374,165,701,402
v02_026925.jpg,774,434,Scissors,225,254,362,427
v03_046475.jpg,716,402,Clipper,406,128,630,232
v05_057375.jpg,846,476,SpecimenBag,98,13,522,223
v09_044825.jpg,810,454,SpecimenBag,313,106,616,448
v09_044825.jpg,810,454,Grasper,222,109,427,271
v09_044825.jpg,810,454,Grasper,454,258,642,382
v09_044825.jpg,810,454,Grasper,596,64,759,169
v10_031925.jpg,578,324,Clipper,315,151,498,287
v06_065875.jpg,584,328,SpecimenBag,374,221,461,305
v06_065875.jpg,584,328,Grasper,366,78,436,142
v06_065875.jpg,584,328,Grasper,298,180,378,251
v08_033800.jpg,706,396,Bipolar,291,184,450,293
v08_033800.jpg,706,396,Grasper,91,141,281,222
v08_019025.jpg,706,396,Irrigator,438,38,536,130
v08_019025.jpg,706,396,Grasper,66,130,309,340
v10_033075.jpg,578,324,Clipper,315,154,477,249
v10_037575.jpg,578,324,Hook,202,6,349,116
v10_023500.jpg,578,324,Irrigator,311,53,431,156
v10_032425.jpg,578,324,Clipper,400,131,493,253
v04_010250.jpg,612,344,Hook,275,174,377,250
v08_036950.jpg,706,396,SpecimenBag,312,44,580,290
v08_036950.jpg,706,396,Grasper,291,121,377,176
v08_036950.jpg,706,396,Grasper,340,70,431,126
v05_032300.jpg,846,476,Scissors,272,103,613,448
v06_057025.jpg,584,328,Irrigator,305,75,402,160
v06_057025.jpg,584,328,Grasper,206,45,346,122
v02_043950.jpg,774,434,Grasper,331,3,462,57
v02_043950.jpg,774,434,Grasper,479,8,705,158
v02_025425.jpg,774,434,Clipper,414,31,620,204
v08_012825.jpg,706,396,Clipper,329,180,455,272
v08_012825.jpg,706,396,Grasper,134,17,411,124
v03_051900.jpg,716,402,Grasper,89,23,251,143
v03_051900.jpg,716,402,Scissors,343,260,552,379
v03_045975.jpg,716,402,Clipper,275,145,423,278
v03_045975.jpg,716,402,Grasper,117,33,276,178
v08_006850.jpg,706,396,Bipolar,398,180,543,258
v10_065025.jpg,578,324,SpecimenBag,140,99,361,305
v10_065025.jpg,578,324,Grasper,125,70,329,137
v02_042125.jpg,774,434,SpecimenBag,362,119,741,302
v02_042125.jpg,774,434,Grasper,374,14,707,107
v03_108450.jpg,716,402,SpecimenBag,340,147,606,350
v03_108450.jpg,716,402,Grasper,475,110,565,203
v03_108450.jpg,716,402,Grasper,304,256,438,338
v08_013050.jpg,706,396,Clipper,324,22,525,187
v03_054475.jpg,716,402,Grasper,52,201,221,392
v03_054475.jpg,716,402,Scissors,279,240,536,399
v07_033450.jpg,586,328,Bipolar,149,226,318,327
v10_064475.jpg,578,324,Irrigator,379,54,471,135
v03_109000.jpg,716,402,SpecimenBag,250,140,464,330
v03_109000.jpg,716,402,Grasper,346,207,462,286
v03_109000.jpg,716,402,Grasper,413,183,497,243
v03_109000.jpg,716,402,Grasper,477,239,614,321
v06_034025.jpg,584,328,Clipper,381,151,476,256
v06_034025.jpg,584,328,Grasper,107,112,268,194
v08_036575.jpg,706,396,SpecimenBag,252,167,566,370
v08_036575.jpg,706,396,Grasper,163,244,288,315
v08_036575.jpg,706,396,Grasper,398,238,525,305
v08_036575.jpg,706,396,Grasper,323,146,439,207
v05_061200.jpg,846,476,SpecimenBag,131,100,680,445
v05_061200.jpg,846,476,Grasper,342,309,690,445
v05_061200.jpg,846,476,Grasper,14,233,171,416
v05_038375.jpg,846,476,Hook,398,167,707,361
v08_027450.jpg,706,396,Hook,299,97,414,171
v06_059550.jpg,584,328,Irrigator,299,79,457,197
v06_059550.jpg,584,328,Grasper,151,41,334,169
v03_113925.jpg,716,402,SpecimenBag,341,187,487,370
v03_107950.jpg,716,402,SpecimenBag,303,139,521,387
v03_107950.jpg,716,402,Grasper,446,220,554,286
v03_107950.jpg,716,402,Grasper,294,254,378,327
